<?xml version="1.0" encoding="UTF-8"?><ImplementationGuide xmlns="http://hl7.org/fhir"><id value="fish"/><text><status value="extensions"/><div xmlns="http://www.w3.org/1999/xhtml"><h2>SimpleHIVImplementationGuide</h2><p>The official URL for this implementation guide is: </p><pre>https://github.com/maurya/PEPFAR-WHO-Simple-HIV/ImplementationGuide/fish</pre><div><p>Simple HIV Implementation Guide for CQL Testing (non-normative)</p>
</div></div></text><url value="https://github.com/maurya/PEPFAR-WHO-Simple-HIV/ImplementationGuide/fish"/><version value="0.1.0"/><name value="SimpleHIVImplementationGuide"/><title value="Simple HIV Implementation Guide"/><status value="draft"/><date value="2021-05-04T11:59:09-04:00"/><contact><name value="Joseph Amlung"/><telecom><system value="email"/><value value="jamlung@regenstrief.org"/></telecom></contact><description value="Simple HIV Implementation Guide for CQL Testing (non-normative)"/><packageId value="fish"/><license value="CC0-1.0"/><fhirVersion value="4.0.1"/><definition><extension url="http://hl7.org/fhir/tools/StructureDefinition/ig-parameter"><extension url="code"><valueString value="copyrightyear"/></extension><extension url="value"><valueString value="2020+"/></extension></extension><extension url="http://hl7.org/fhir/tools/StructureDefinition/ig-parameter"><extension url="code"><valueString value="releaselabel"/></extension><extension url="value"><valueString value="ci-build"/></extension></extension><extension url="http://hl7.org/fhir/tools/StructureDefinition/ig-parameter"><extension url="code"><valueString value="apply-publisher"/></extension><extension url="value"><valueString value="true"/></extension></extension><extension url="http://hl7.org/fhir/tools/StructureDefinition/ig-parameter"><extension url="code"><valueString value="apply-contact"/></extension><extension url="value"><valueString value="true"/></extension></extension><extension url="http://hl7.org/fhir/tools/StructureDefinition/ig-parameter"><extension url="code"><valueString value="show-inherited-invariants"/></extension><extension url="value"><valueString value="false"/></extension></extension><extension url="http://hl7.org/fhir/tools/StructureDefinition/ig-parameter"><extension url="code"><valueString value="path-binary"/></extension><extension url="value"><valueString value="input/cql/"/></extension></extension><extension url="http://hl7.org/fhir/tools/StructureDefinition/ig-parameter"><extension url="code"><valueString value="autoload-resources"/></extension><extension url="value"><valueString value="true"/></extension></extension><extension url="http://hl7.org/fhir/tools/StructureDefinition/ig-parameter"><extension url="code"><valueString value="path-liquid"/></extension><extension url="value"><valueString value="template/liquid"/></extension></extension><extension url="http://hl7.org/fhir/tools/StructureDefinition/ig-parameter"><extension url="code"><valueString value="path-liquid"/></extension><extension url="value"><valueString value="input/liquid"/></extension></extension><extension url="http://hl7.org/fhir/tools/StructureDefinition/ig-parameter"><extension url="code"><valueString value="path-qa"/></extension><extension url="value"><valueString value="temp/qa"/></extension></extension><extension url="http://hl7.org/fhir/tools/StructureDefinition/ig-parameter"><extension url="code"><valueString value="path-temp"/></extension><extension url="value"><valueString value="temp/pages"/></extension></extension><extension url="http://hl7.org/fhir/tools/StructureDefinition/ig-parameter"><extension url="code"><valueString value="path-output"/></extension><extension url="value"><valueString value="output"/></extension></extension><extension url="http://hl7.org/fhir/tools/StructureDefinition/ig-parameter"><extension url="code"><valueString value="path-suppressed-warnings"/></extension><extension url="value"><valueString value="input/ignoreWarnings.txt"/></extension></extension><extension url="http://hl7.org/fhir/tools/StructureDefinition/ig-parameter"><extension url="code"><valueString value="path-history"/></extension><extension url="value"><valueString value="https://github.com/maurya/PEPFAR-WHO-Simple-HIV/history.html"/></extension></extension><extension url="http://hl7.org/fhir/tools/StructureDefinition/ig-parameter"><extension url="code"><valueString value="template-html"/></extension><extension url="value"><valueString value="template-page.html"/></extension></extension><extension url="http://hl7.org/fhir/tools/StructureDefinition/ig-parameter"><extension url="code"><valueString value="template-md"/></extension><extension url="value"><valueString value="template-page-md.html"/></extension></extension><extension url="http://hl7.org/fhir/tools/StructureDefinition/ig-parameter"><extension url="code"><valueString value="apply-context"/></extension><extension url="value"><valueString value="true"/></extension></extension><extension url="http://hl7.org/fhir/tools/StructureDefinition/ig-parameter"><extension url="code"><valueString value="apply-copyright"/></extension><extension url="value"><valueString value="true"/></extension></extension><extension url="http://hl7.org/fhir/tools/StructureDefinition/ig-parameter"><extension url="code"><valueString value="apply-jurisdiction"/></extension><extension url="value"><valueString value="true"/></extension></extension><extension url="http://hl7.org/fhir/tools/StructureDefinition/ig-parameter"><extension url="code"><valueString value="apply-license"/></extension><extension url="value"><valueString value="true"/></extension></extension><extension url="http://hl7.org/fhir/tools/StructureDefinition/ig-parameter"><extension url="code"><valueString value="apply-version"/></extension><extension url="value"><valueString value="true"/></extension></extension><extension url="http://hl7.org/fhir/tools/StructureDefinition/ig-parameter"><extension url="code"><valueString value="active-tables"/></extension><extension url="value"><valueString value="true"/></extension></extension><grouping id="_str_profile"><name value="Structures: Resource Profiles"/><description value="These define constraints on FHIR resources for systems conforming to this implementation guide"/></grouping><grouping id="_str_extension"><name value="Structures: Extension Definitions"/><description value="These define constraints on FHIR data types for systems conforming to this implementation guide"/></grouping><grouping id="_term_valueset"><name value="Terminology: Value Sets"/><description value="These define sets of codes used by systems conforming to this implementation guide"/></grouping><grouping id="_term_codesystem"><name value="Terminology: Code Systems"/><description value="These define new code systems used by systems conforming to this implementation guide"/></grouping><grouping id="_ka_library"><name value="Knowledge Artifacts: Libraries"/><description value="These define logic, asset collections and other libraries as part of content in this implementation guide"/></grouping><grouping id="_ka_measure"><name value="Knowledge Artifacts: Measure"/><description value="These define measures as part of content in this implementation guide"/></grouping><resource><extension url="http://hl7.org/fhir/StructureDefinition/implementationguide-page"><valueUri value="StructureDefinition-HIV-MedStatement.html"/></extension><reference><reference value="StructureDefinition/HIV-MedStatement"/></reference><name value="HIV MedicationStatement - ART"/><description value="A summary of the ART medication being taken by an HIV patient"/><exampleBoolean value="false"/><groupingId value="_str_profile"/></resource><resource><extension url="http://hl7.org/fhir/StructureDefinition/implementationguide-page"><valueUri value="StructureDefinition-HIV-patient.html"/></extension><reference><reference value="StructureDefinition/HIV-patient"/></reference><name value="HIV Patient"/><description value="A patient that may be diagnosed with HIV, may have a viral load lab, and may be virally suppressed."/><exampleBoolean value="false"/><groupingId value="_str_profile"/></resource><resource><extension url="http://hl7.org/fhir/StructureDefinition/implementationguide-page"><valueUri value="StructureDefinition-Observation-HIV-Status.html"/></extension><reference><reference value="StructureDefinition/Observation-HIV-Status"/></reference><name value="Observation - HIV Status"/><description value="HIV status reported after applying the HIV testing algorithm. No single HIV test can provide an HIV-positive diagnosis. "/><exampleBoolean value="false"/><groupingId value="_str_profile"/></resource><resource><extension url="http://hl7.org/fhir/StructureDefinition/implementationguide-page"><valueUri value="StructureDefinition-Observation-Key-Pop.html"/></extension><reference><reference value="StructureDefinition/Observation-Key-Pop"/></reference><name value="Observation - Key Population"/><description value="The type of  key population that the client is included in"/><exampleBoolean value="false"/><groupingId value="_str_profile"/></resource><resource><extension url="http://hl7.org/fhir/StructureDefinition/implementationguide-page"><valueUri value="StructureDefinition-Observation-Viral-Load.html"/></extension><reference><reference value="StructureDefinition/Observation-Viral-Load"/></reference><name value="Observation - Viral Load Test"/><description value="Reason for HIV viral load test"/><exampleBoolean value="false"/><groupingId value="_str_profile"/></resource><resource><extension url="http://hl7.org/fhir/StructureDefinition/implementationguide-page"><valueUri value="StructureDefinition-ARTStartType.html"/></extension><reference><reference value="StructureDefinition/ARTStartType"/></reference><name value="ART Start Type"/><description value="Whether the client is ART naive or is restarting ART"/><exampleBoolean value="false"/><groupingId value="_str_extension"/></resource><resource><extension url="http://hl7.org/fhir/StructureDefinition/implementationguide-page"><valueUri value="StructureDefinition-estimatedAge.html"/></extension><reference><reference value="StructureDefinition/estimatedAge"/></reference><name value="Estimated Age"/><description value="Estimated Age of Patient if date of birth is unavailable"/><exampleBoolean value="false"/><groupingId value="_str_extension"/></resource><resource><extension url="http://hl7.org/fhir/StructureDefinition/implementationguide-page"><valueUri value="StructureDefinition-VL-reason.html"/></extension><reference><reference value="StructureDefinition/VL-reason"/></reference><name value="Reason for HIV viral load test"/><description value="Whether the viral load is being tested for routine monitoring on a set schedule or for targeted monitoring for suspected treatment failure"/><exampleBoolean value="false"/><groupingId value="_str_extension"/></resource><resource><extension url="http://hl7.org/fhir/StructureDefinition/implementationguide-page"><valueUri value="ValueSet-ARTStartTypeValues.html"/></extension><reference><reference value="ValueSet/ARTStartTypeValues"/></reference><name value="ART Start Type values"/><description value="Codes describing whether the client is ART naive or is restarting ART"/><exampleBoolean value="false"/><groupingId value="_term_valueset"/></resource><resource><extension url="http://hl7.org/fhir/StructureDefinition/implementationguide-page"><valueUri value="ValueSet-HIVGender.html"/></extension><reference><reference value="ValueSet/HIVGender"/></reference><name value="Gender values"/><description value="Codes describing the gender of the client"/><exampleBoolean value="false"/><groupingId value="_term_valueset"/></resource><resource><extension url="http://hl7.org/fhir/StructureDefinition/implementationguide-page"><valueUri value="ValueSet-HIVStatusValues.html"/></extension><reference><reference value="ValueSet/HIVStatusValues"/></reference><name value="HIV Status values"/><description value="Codes describing whether the client received a positive HIV test result"/><exampleBoolean value="false"/><groupingId value="_term_valueset"/></resource><resource><extension url="http://hl7.org/fhir/StructureDefinition/implementationguide-page"><valueUri value="ValueSet-KeyPopValues.html"/></extension><reference><reference value="ValueSet/KeyPopValues"/></reference><name value="Key Population values"/><description value="Codes describing the type of  key population that the client is included in"/><exampleBoolean value="false"/><groupingId value="_term_valueset"/></resource><resource><extension url="http://hl7.org/fhir/StructureDefinition/implementationguide-page"><valueUri value="ValueSet-VLReasonValues.html"/></extension><reference><reference value="ValueSet/VLReasonValues"/></reference><name value="Reason for HIV viral load test values"/><description value="Codes describing the reason for HIV viral load test"/><exampleBoolean value="false"/><groupingId value="_term_valueset"/></resource><resource><extension url="http://hl7.org/fhir/StructureDefinition/implementationguide-page"><valueUri value="CodeSystem-HIVExtendedCodes.html"/></extension><reference><reference value="CodeSystem/HIVExtendedCodes"/></reference><name value="HIV Extended Codes"/><description value="Codes defined only in this Implementation Guide and require mapping to a standard semantic terminology."/><exampleBoolean value="false"/><groupingId value="_term_codesystem"/></resource><resource><extension url="http://hl7.org/fhir/StructureDefinition/implementationguide-page"><valueUri value="Library-AgeRanges.html"/></extension><reference><reference value="Library/AgeRanges"/></reference><name value="Age Ranges"/><exampleBoolean value="false"/><groupingId value="_ka_library"/></resource><resource><extension url="http://hl7.org/fhir/StructureDefinition/implementationguide-page"><valueUri value="Library-FHIRCommon.html"/></extension><reference><reference value="Library/FHIRCommon"/></reference><name value="FHIR Common"/><exampleBoolean value="false"/><groupingId value="_ka_library"/></resource><resource><extension url="http://hl7.org/fhir/StructureDefinition/implementationguide-page"><valueUri value="Library-HIVSimpleAgeGroup.html"/></extension><reference><reference value="Library/HIVSimpleAgeGroup"/></reference><name value="HIVSimpleAgeGroup"/><exampleBoolean value="false"/><groupingId value="_ka_library"/></resource><resource><extension url="http://hl7.org/fhir/StructureDefinition/implementationguide-page"><valueUri value="Library-HIVSimpleCondition.html"/></extension><reference><reference value="Library/HIVSimpleCondition"/></reference><name value="HIVSimpleCondition"/><exampleBoolean value="false"/><groupingId value="_ka_library"/></resource><resource><extension url="http://hl7.org/fhir/StructureDefinition/implementationguide-page"><valueUri value="Library-HIVSimpleDemog.html"/></extension><reference><reference value="Library/HIVSimpleDemog"/></reference><name value="HIVSimpleDemog"/><exampleBoolean value="false"/><groupingId value="_ka_library"/></resource><resource><extension url="http://hl7.org/fhir/StructureDefinition/implementationguide-page"><valueUri value="Library-HIVSimpleGender.html"/></extension><reference><reference value="Library/HIVSimpleGender"/></reference><name value="HIVSimpleGender"/><exampleBoolean value="false"/><groupingId value="_ka_library"/></resource><resource><extension url="http://hl7.org/fhir/StructureDefinition/implementationguide-page"><valueUri value="Library-HIVSimpleTestResult.html"/></extension><reference><reference value="Library/HIVSimpleTestResult"/></reference><name value="HIVSimpleTestResult"/><exampleBoolean value="false"/><groupingId value="_ka_library"/></resource><resource><extension url="http://hl7.org/fhir/StructureDefinition/implementationguide-page"><valueUri value="Library-HIVSimpleViralLoad.html"/></extension><reference><reference value="Library/HIVSimpleViralLoad"/></reference><name value="HIVSimpleViralLoad"/><exampleBoolean value="false"/><groupingId value="_ka_library"/></resource><resource><extension url="http://hl7.org/fhir/StructureDefinition/implementationguide-page"><valueUri value="Measure-HIVSimpleAgeGroup.html"/></extension><reference><reference value="Measure/HIVSimpleAgeGroup"/></reference><name value="HIVSimpleAgeGroup"/><description value="HIVSimpleAgeGroup"/><exampleBoolean value="false"/><groupingId value="_ka_measure"/></resource><resource><extension url="http://hl7.org/fhir/StructureDefinition/implementationguide-page"><valueUri value="Measure-HIVSimpleCondition.html"/></extension><reference><reference value="Measure/HIVSimpleCondition"/></reference><name value="HIVSimpleCondition"/><description value="HIVSimpleCondition"/><exampleBoolean value="false"/><groupingId value="_ka_measure"/></resource><resource><extension url="http://hl7.org/fhir/StructureDefinition/implementationguide-page"><valueUri value="Measure-HIVSimpleDemog.html"/></extension><reference><reference value="Measure/HIVSimpleDemog"/></reference><name value="HIVSimpleDemog"/><description value="HIVSimpleDemog"/><exampleBoolean value="false"/><groupingId value="_ka_measure"/></resource><resource><extension url="http://hl7.org/fhir/StructureDefinition/implementationguide-page"><valueUri value="Measure-HIVSimpleGender.html"/></extension><reference><reference value="Measure/HIVSimpleGender"/></reference><name value="HIVSimpleGender"/><description value="HIVSimpleGender"/><exampleBoolean value="false"/><groupingId value="_ka_measure"/></resource><resource><extension url="http://hl7.org/fhir/StructureDefinition/implementationguide-page"><valueUri value="Measure-HIVSimpleTestResult.html"/></extension><reference><reference value="Measure/HIVSimpleTestResult"/></reference><name value="HIVSimpleTestResult"/><description value="HIVSimpleTestResult"/><exampleBoolean value="false"/><groupingId value="_ka_measure"/></resource><resource><extension url="http://hl7.org/fhir/StructureDefinition/implementationguide-page"><valueUri value="Measure-HIVSimpleViralLoad.html"/></extension><reference><reference value="Measure/HIVSimpleViralLoad"/></reference><name value="HIVSimpleViralLoad"/><description value="HIVSimpleViralLoad"/><exampleBoolean value="false"/><groupingId value="_ka_measure"/></resource><page><nameUrl value="toc.html"/><title value="Table of Contents"/><generation value="html"/><page><nameUrl value="index.html"/><title value="Home"/><generation value="markdown"/></page><page><nameUrl value="artifacts.html"/><title value="Artifacts Summary"/><generation value="html"/><page><nameUrl value="StructureDefinition-HIV-MedStatement.html"/><title value="HIV MedicationStatement - ART"/><generation value="generated"/></page><page><nameUrl value="StructureDefinition-HIV-patient.html"/><title value="HIV Patient"/><generation value="generated"/></page><page><nameUrl value="StructureDefinition-Observation-HIV-Status.html"/><title value="Observation - HIV Status"/><generation value="generated"/></page><page><nameUrl value="StructureDefinition-Observation-Key-Pop.html"/><title value="Observation - Key Population"/><generation value="generated"/></page><page><nameUrl value="StructureDefinition-Observation-Viral-Load.html"/><title value="Observation - Viral Load Test"/><generation value="generated"/></page><page><nameUrl value="StructureDefinition-ARTStartType.html"/><title value="ART Start Type"/><generation value="generated"/></page><page><nameUrl value="StructureDefinition-estimatedAge.html"/><title value="Estimated Age"/><generation value="generated"/></page><page><nameUrl value="StructureDefinition-VL-reason.html"/><title value="Reason for HIV viral load test"/><generation value="generated"/></page><page><nameUrl value="ValueSet-ARTStartTypeValues.html"/><title value="ART Start Type values"/><generation value="generated"/></page><page><nameUrl value="ValueSet-HIVGender.html"/><title value="Gender values"/><generation value="generated"/></page><page><nameUrl value="ValueSet-HIVStatusValues.html"/><title value="HIV Status values"/><generation value="generated"/></page><page><nameUrl value="ValueSet-KeyPopValues.html"/><title value="Key Population values"/><generation value="generated"/></page><page><nameUrl value="ValueSet-VLReasonValues.html"/><title value="Reason for HIV viral load test values"/><generation value="generated"/></page><page><nameUrl value="CodeSystem-HIVExtendedCodes.html"/><title value="HIV Extended Codes"/><generation value="generated"/></page><page><nameUrl value="Library-AgeRanges.html"/><title value="Age Ranges"/><generation value="generated"/></page><page><nameUrl value="Library-FHIRCommon.html"/><title value="FHIR Common"/><generation value="generated"/></page><page><nameUrl value="Library-HIVSimpleAgeGroup.html"/><title value="HIVSimpleAgeGroup"/><generation value="generated"/></page><page><nameUrl value="Library-HIVSimpleCondition.html"/><title value="HIVSimpleCondition"/><generation value="generated"/></page><page><nameUrl value="Library-HIVSimpleDemog.html"/><title value="HIVSimpleDemog"/><generation value="generated"/></page><page><nameUrl value="Library-HIVSimpleGender.html"/><title value="HIVSimpleGender"/><generation value="generated"/></page><page><nameUrl value="Library-HIVSimpleTestResult.html"/><title value="HIVSimpleTestResult"/><generation value="generated"/></page><page><nameUrl value="Library-HIVSimpleViralLoad.html"/><title value="HIVSimpleViralLoad"/><generation value="generated"/></page><page><nameUrl value="Measure-HIVSimpleAgeGroup.html"/><title value="HIVSimpleAgeGroup"/><generation value="generated"/></page><page><nameUrl value="Measure-HIVSimpleCondition.html"/><title value="HIVSimpleCondition"/><generation value="generated"/></page><page><nameUrl value="Measure-HIVSimpleDemog.html"/><title value="HIVSimpleDemog"/><generation value="generated"/></page><page><nameUrl value="Measure-HIVSimpleGender.html"/><title value="HIVSimpleGender"/><generation value="generated"/></page><page><nameUrl value="Measure-HIVSimpleTestResult.html"/><title value="HIVSimpleTestResult"/><generation value="generated"/></page><page><nameUrl value="Measure-HIVSimpleViralLoad.html"/><title value="HIVSimpleViralLoad"/><generation value="generated"/></page></page></page><parameter><code value="path-resource"/><value value="input/capabilities"/></parameter><parameter><code value="path-resource"/><value value="input/examples"/></parameter><parameter><code value="path-resource"/><value value="input/extensions"/></parameter><parameter><code value="path-resource"/><value value="input/models"/></parameter><parameter><code value="path-resource"/><value value="input/operations"/></parameter><parameter><code value="path-resource"/><value value="input/profiles"/></parameter><parameter><code value="path-resource"/><value value="input/resources"/></parameter><parameter><code value="path-resource"/><value value="input/vocabulary"/></parameter><parameter><code value="path-resource"/><value value="input/maps"/></parameter><parameter><code value="path-resource"/><value value="input/testing"/></parameter><parameter><code value="path-resource"/><value value="input/history"/></parameter><parameter><code value="path-resource"/><value value="fsh-generated/resources"/></parameter><parameter><code value="path-pages"/><value value="template/config"/></parameter><parameter><code value="path-pages"/><value value="input/images"/></parameter><parameter><code value="path-tx-cache"/><value value="input-cache/txcache"/></parameter></definition></ImplementationGuide>