<?xml version="1.0" encoding="UTF-8"?><Library xmlns="http://hl7.org/fhir"><id value="AgeRanges"/><url value="https://github.com/maurya/PEPFAR-WHO-Simple-HIV/Library/AgeRanges"/><version value="0.1.0"/><name value="AgeRanges"/><title value="Age Ranges"/><status value="active"/><experimental value="true"/><type><coding><system value="http://terminology.hl7.org/CodeSystem/library-type"/><code value="logic-library"/></coding></type><date value="2021-05-04T11:59:09-04:00"/><contact><name value="Joseph Amlung"/><telecom><system value="email"/><value value="jamlung@regenstrief.org"/></telecom></contact><relatedArtifact><type value="depends-on"/><resource value="http://hl7.org/fhir/Library/FHIR-ModelInfo|4.0.1"/></relatedArtifact><relatedArtifact><type value="depends-on"/><resource value="http://ohie.org/CodeSystem/iso-8601-derived-periods"/></relatedArtifact><parameter><name value="MeasurementPeriod"/><use value="in"/><min value="0"/><max value="1"/><type value="Period"/></parameter><parameter><name value="Patient"/><use value="out"/><min value="0"/><max value="1"/><type value="Patient"/></parameter><parameter><name value="Age Group"/><use value="out"/><min value="0"/><max value="1"/><type value="Coding"/></parameter><content><contentType value="text/cql"/><data/></content><content><contentType value="application/elm+xml"/><data/></content><content><contentType value="application/elm+json"/><data/></content></Library>