<?xml version="1.0" encoding="UTF-8"?><Library xmlns="http://hl7.org/fhir"><id value="HIVSimpleCondition"/><url value="https://github.com/maurya/PEPFAR-WHO-Simple-HIV/Library/HIVSimpleCondition"/><version value="0.1.0"/><name value="HIVSimpleCondition"/><title value="HIVSimpleCondition"/><status value="active"/><experimental value="true"/><type><coding><system value="http://terminology.hl7.org/CodeSystem/library-type"/><code value="logic-library"/></coding></type><date value="2021-05-04T11:59:09-04:00"/><contact><name value="Joseph Amlung"/><telecom><system value="email"/><value value="jamlung@regenstrief.org"/></telecom></contact><relatedArtifact><type value="depends-on"/><resource value="http://hl7.org/fhir/Library/FHIR-ModelInfo|4.0.1"/></relatedArtifact><relatedArtifact><type value="depends-on"/><resource value="http://hl7.org/fhir/Library/FHIRHelpers|4.0.1"/></relatedArtifact><relatedArtifact><type value="depends-on"/><resource value="https://github.com/maurya/PEPFAR-WHO-Simple-HIV/Library/FHIRCommon|0.1.0"/></relatedArtifact><relatedArtifact><type value="depends-on"/><resource value="https://github.com/maurya/PEPFAR-WHO-Simple-HIV/Library/AgeRanges|0.1.0"/></relatedArtifact><relatedArtifact><type value="depends-on"/><resource value="http://snomed.info/sct|http://snomed.info/sct/900000000000207008"/></relatedArtifact><relatedArtifact><type value="depends-on"/><resource value="http://loinc.org"/></relatedArtifact><content><contentType value="text/cql"/><data/></content><content><contentType value="application/elm+xml"/><data/></content><content><contentType value="application/elm+json"/><data/></content></Library>