<?xml version="1.0" encoding="UTF-8"?><Measure xmlns="http://hl7.org/fhir"><id value="HIVSimpleCondition"/><url value="Measure/HIVSimpleCondition"/><identifier><system value="http://ohie.org/Measure/"/><value value="HIVSimpleCondition"/></identifier><version value="0.1.0"/><name value="HIVSimpleCondition"/><title value="HIVSimpleCondition"/><status value="draft"/><experimental value="true"/><date value="2018-03-08"/><publisher value="Open HIE"/><contact><name value="Joseph Amlung"/><telecom><system value="email"/><value value="jamlung@regenstrief.org"/></telecom></contact><description value="HIVSimpleCondition"/><relatedArtifact><type value="derived-from"/><url value="http://wiki.ihe.net/index.php/Aggregate_Data_Exchange_-_HIV"/></relatedArtifact><library value="Library/HIVSimpleCondition"/><scoring><coding><code value="proportion"/></coding></scoring><group><code><coding><system value="http://terminology.hl7.org/CodeSystem/measure-population"/><code value="numerator"/></coding></code><description value="HIVSimpleCondition"/><population><code><text value="cohort"/></code><criteria><language value="text/cql-identifier"/><expression value="Numerator"/></criteria></population></group><group><code><coding><system value="http://terminology.hl7.org/CodeSystem/measure-population"/><code value="denominator"/></coding></code><description value="HIVSimpleCondition"/><population><code><text value="cohort"/></code><criteria><language value="text/cql"/><expression value="Denominator"/></criteria></population></group></Measure>