[
  {
    "id": "HIVSimpleAgeGroup",
    "type": "Measure",
    "url": "Measure/HIVSimpleAgeGroup",
    "version": "0.1.0",
    "name": "HIVSimpleAgeGroup"
  },
  {
    "id": "HIVSimpleCondition",
    "type": "Measure",
    "url": "Measure/HIVSimpleCondition",
    "version": "0.1.0",
    "name": "HIVSimpleCondition"
  },
  {
    "id": "HIVSimpleDemog",
    "type": "Measure",
    "url": "Measure/HIVSimpleDemog",
    "version": "0.1.0",
    "name": "HIVSimpleDemog"
  },
  {
    "id": "HIVSimpleGender",
    "type": "Measure",
    "url": "Measure/HIVSimpleGender",
    "version": "0.1.0",
    "name": "HIVSimpleGender"
  },
  {
    "id": "HIVSimpleTestResult",
    "type": "Measure",
    "url": "Measure/HIVSimpleTestResult",
    "version": "0.1.0",
    "name": "HIVSimpleTestResult"
  },
  {
    "id": "HIVSimpleViralLoad",
    "type": "Measure",
    "url": "Measure/HIVSimpleViralLoad",
    "version": "0.1.0",
    "name": "HIVSimpleViralLoad"
  },
  {
    "id": "HIVExtendedCodes",
    "type": "CodeSystem",
    "url": "https://github.com/maurya/PEPFAR-WHO-Simple-HIV/CodeSystem/HIVExtendedCodes",
    "version": "0.1.0",
    "name": "HIVExtendedCodes"
  },
  {
    "id": "fish",
    "type": "ImplementationGuide",
    "url": "https://github.com/maurya/PEPFAR-WHO-Simple-HIV/ImplementationGuide/fish",
    "version": "0.1.0",
    "name": "SimpleHIVImplementationGuide"
  },
  {
    "id": "AgeRanges",
    "type": "Library",
    "url": "https://github.com/maurya/PEPFAR-WHO-Simple-HIV/Library/AgeRanges",
    "version": "0.1.0",
    "name": "AgeRanges"
  },
  {
    "id": "FHIRCommon",
    "type": "Library",
    "url": "https://github.com/maurya/PEPFAR-WHO-Simple-HIV/Library/FHIRCommon",
    "version": "0.1.0",
    "name": "FHIRCommon"
  },
  {
    "id": "HIVSimpleAgeGroup",
    "type": "Library",
    "url": "https://github.com/maurya/PEPFAR-WHO-Simple-HIV/Library/HIVSimpleAgeGroup",
    "version": "0.1.0",
    "name": "HIVSimpleAgeGroup"
  },
  {
    "id": "HIVSimpleCondition",
    "type": "Library",
    "url": "https://github.com/maurya/PEPFAR-WHO-Simple-HIV/Library/HIVSimpleCondition",
    "version": "0.1.0",
    "name": "HIVSimpleCondition"
  },
  {
    "id": "HIVSimpleDemog",
    "type": "Library",
    "url": "https://github.com/maurya/PEPFAR-WHO-Simple-HIV/Library/HIVSimpleDemog",
    "version": "0.1.0",
    "name": "HIVSimpleDemog"
  },
  {
    "id": "HIVSimpleGender",
    "type": "Library",
    "url": "https://github.com/maurya/PEPFAR-WHO-Simple-HIV/Library/HIVSimpleGender",
    "version": "0.1.0",
    "name": "HIVSimpleGender"
  },
  {
    "id": "HIVSimpleTestResult",
    "type": "Library",
    "url": "https://github.com/maurya/PEPFAR-WHO-Simple-HIV/Library/HIVSimpleTestResult",
    "version": "0.1.0",
    "name": "HIVSimpleTestResult"
  },
  {
    "id": "HIVSimpleViralLoad",
    "type": "Library",
    "url": "https://github.com/maurya/PEPFAR-WHO-Simple-HIV/Library/HIVSimpleViralLoad",
    "version": "0.1.0",
    "name": "HIVSimpleViralLoad"
  },
  {
    "id": "ARTStartType",
    "type": "StructureDefinition",
    "url": "https://github.com/maurya/PEPFAR-WHO-Simple-HIV/StructureDefinition/ARTStartType",
    "version": "0.1.0",
    "name": "ARTStartType"
  },
  {
    "id": "HIV-MedStatement",
    "type": "StructureDefinition",
    "url": "https://github.com/maurya/PEPFAR-WHO-Simple-HIV/StructureDefinition/HIV-MedStatement",
    "version": "0.1.0",
    "name": "HIV_MedicationStatement"
  },
  {
    "id": "HIV-patient",
    "type": "StructureDefinition",
    "url": "https://github.com/maurya/PEPFAR-WHO-Simple-HIV/StructureDefinition/HIV-patient",
    "version": "0.1.0",
    "name": "HIV_Patient"
  },
  {
    "id": "Observation-HIV-Status",
    "type": "StructureDefinition",
    "url": "https://github.com/maurya/PEPFAR-WHO-Simple-HIV/StructureDefinition/Observation-HIV-Status",
    "version": "0.1.0",
    "name": "Observation_HIV_Status"
  },
  {
    "id": "Observation-Key-Pop",
    "type": "StructureDefinition",
    "url": "https://github.com/maurya/PEPFAR-WHO-Simple-HIV/StructureDefinition/Observation-Key-Pop",
    "version": "0.1.0",
    "name": "Observation_Key_Pop"
  },
  {
    "id": "Observation-Viral-Load",
    "type": "StructureDefinition",
    "url": "https://github.com/maurya/PEPFAR-WHO-Simple-HIV/StructureDefinition/Observation-Viral-Load",
    "version": "0.1.0",
    "name": "Observation_Viral_Load"
  },
  {
    "id": "VL-reason",
    "type": "StructureDefinition",
    "url": "https://github.com/maurya/PEPFAR-WHO-Simple-HIV/StructureDefinition/VL-reason",
    "version": "0.1.0",
    "name": "VL_reason"
  },
  {
    "id": "estimatedAge",
    "type": "StructureDefinition",
    "url": "https://github.com/maurya/PEPFAR-WHO-Simple-HIV/StructureDefinition/estimatedAge",
    "version": "0.1.0",
    "name": "Estimated_Age"
  },
  {
    "id": "ARTStartTypeValues",
    "type": "ValueSet",
    "url": "https://github.com/maurya/PEPFAR-WHO-Simple-HIV/ValueSet/ARTStartTypeValues",
    "version": "0.1.0",
    "name": "ARTStartTypeValues"
  },
  {
    "id": "HIVGender",
    "type": "ValueSet",
    "url": "https://github.com/maurya/PEPFAR-WHO-Simple-HIV/ValueSet/HIVGender",
    "version": "0.1.0",
    "name": "HIVGender"
  },
  {
    "id": "HIVStatusValues",
    "type": "ValueSet",
    "url": "https://github.com/maurya/PEPFAR-WHO-Simple-HIV/ValueSet/HIVStatusValues",
    "version": "0.1.0",
    "name": "HIVStatusValues"
  },
  {
    "id": "KeyPopValues",
    "type": "ValueSet",
    "url": "https://github.com/maurya/PEPFAR-WHO-Simple-HIV/ValueSet/KeyPopValues",
    "version": "0.1.0",
    "name": "KeyPopValues"
  },
  {
    "id": "VLReasonValues",
    "type": "ValueSet",
    "url": "https://github.com/maurya/PEPFAR-WHO-Simple-HIV/ValueSet/VLReasonValues",
    "version": "0.1.0",
    "name": "VLReasonValues"
  }
]