{
  "resourceType": "CodeSystem",
  "id": "HIVExtendedCodes",
  "text": {
    "status": "generated",
    "div": "<div xmlns=\"http://www.w3.org/1999/xhtml\"><p>This code system https://github.com/maurya/PEPFAR-WHO-Simple-HIV/CodeSystem/HIVExtendedCodes defines the following codes:</p><table class=\"codes\"><tr><td style=\"white-space:nowrap\"><b>Code</b></td><td><b>Display</b></td><td><b>Definition</b></td></tr><tr><td style=\"white-space:nowrap\">First-time<a name=\"HIVExtendedCodes-First-time\"> </a></td><td>First-time user of ART</td><td>Client is ART naive, having never taken ART to treat HIV before</td></tr><tr><td style=\"white-space:nowrap\">Restarting<a name=\"HIVExtendedCodes-Restarting\"> </a></td><td>Restarting ART</td><td>Client is restarting ART after stopping treatment for any reason</td></tr><tr><td style=\"white-space:nowrap\">Routine<a name=\"HIVExtendedCodes-Routine\"> </a></td><td>Routine viral load test</td><td>Routine refers to viral load tests obtained at standard intervals following ART initiation to monitor viral load response to ART</td></tr><tr><td style=\"white-space:nowrap\">Targeted<a name=\"HIVExtendedCodes-Targeted\"> </a></td><td>Targeted viral load monitoring</td><td>Targeted refers to viral load tests obtained based on a specific clinical indication (such as concern about disease progression or failure to respond to ART)</td></tr></table></div>"
  },
  "url": "https://github.com/maurya/PEPFAR-WHO-Simple-HIV/CodeSystem/HIVExtendedCodes",
  "version": "0.1.0",
  "name": "HIVExtendedCodes",
  "title": "HIV Extended Codes",
  "status": "active",
  "date": "2021-05-04T11:59:09-04:00",
  "contact": [
    {
      "name": "Joseph Amlung",
      "telecom": [
        {
          "system": "email",
          "value": "jamlung@regenstrief.org"
        }
      ]
    }
  ],
  "description": "Codes defined only in this Implementation Guide and require mapping to a standard semantic terminology.",
  "content": "complete",
  "count": 4,
  "concept": [
    {
      "code": "First-time",
      "display": "First-time user of ART",
      "definition": "Client is ART naive, having never taken ART to treat HIV before"
    },
    {
      "code": "Restarting",
      "display": "Restarting ART",
      "definition": "Client is restarting ART after stopping treatment for any reason"
    },
    {
      "code": "Routine",
      "display": "Routine viral load test",
      "definition": "Routine refers to viral load tests obtained at standard intervals following ART initiation to monitor viral load response to ART"
    },
    {
      "code": "Targeted",
      "display": "Targeted viral load monitoring",
      "definition": "Targeted refers to viral load tests obtained based on a specific clinical indication (such as concern about disease progression or failure to respond to ART)"
    }
  ]
}