<?xml version="1.0" encoding="UTF-8"?>

<Bundle xmlns="http://hl7.org/fhir">
  <id value="08399522-9b36-4d8b-8a5d-a6c99cd3019e"/>
  <meta>
    <lastUpdated value="2021-05-04T11:59:09.021-04:00"/>
  </meta>
  <type value="collection"/>
  <entry>
    <resource>
      <ValueSet>
        <text>
          <status value="generated"/>
          <div xmlns="http://www.w3.org/1999/xhtml">
            <p>This value set contains 3 concepts</p>
            <p style="border: black 1px dotted; background-color: #EEEEEE; padding: 8px; margin-bottom: 8px">Expansion based on SNOMED CT International edition 31-Jan 2021</p>
            <p>All codes from system 
              <a href="http://terminology.hl7.org/2.1.0/CodeSystem-v3-snomed-CT.html">
                <code>http://snomed.info/sct</code>
              </a>
            </p>
            <table class="codes">
              <tr>
                <td style="white-space:nowrap">
                  <b>Code</b>
                </td>
                <td>
                  <b>Display</b>
                </td>
                <td>
                  <b>Definition</b>
                </td>
              </tr>
              <tr>
                <td style="white-space:nowrap">
                  <a name="http---snomed.info-sct-165816005"> </a>
                  <a href="http://browser.ihtsdotools.org/?perspective=full&amp;conceptId1=165816005">165816005</a>
                </td>
                <td>Human immunodeficiency virus infection (disorder)</td>
                <td/>
              </tr>
              <tr>
                <td style="white-space:nowrap">
                  <a name="http---snomed.info-sct-165815009"> </a>
                  <a href="http://browser.ihtsdotools.org/?perspective=full&amp;conceptId1=165815009">165815009</a>
                </td>
                <td>Human immunodeficiency virus negative (finding)</td>
                <td/>
              </tr>
              <tr>
                <td style="white-space:nowrap">
                  <a name="http---snomed.info-sct-419984006"> </a>
                  <a href="http://browser.ihtsdotools.org/?perspective=full&amp;conceptId1=419984006">419984006</a>
                </td>
                <td>Inconclusive (qualifier value)</td>
                <td/>
              </tr>
            </table>
          </div>
        </text>
        <status value="active"/>
        <expansion>
          <identifier value="urn:uuid:c10a08c1-1950-434f-a3f2-f039df620e87"/>
          <timestamp value="2021-04-30T14:36:13.730Z"/>
          <parameter>
            <name value="limitedExpansion"/>
            <valueBoolean value="true"/>
          </parameter>
          <parameter>
            <name value="version"/>
            <valueString value="http://snomed.info/sct|http://snomed.info/sct/900000000000207008/version/20210131"/>
          </parameter>
          <contains>
            <system value="http://snomed.info/sct"/>
            <code value="165816005"/>
            <display value="Human immunodeficiency virus infection (disorder)"/>
          </contains>
          <contains>
            <system value="http://snomed.info/sct"/>
            <code value="165815009"/>
            <display value="Human immunodeficiency virus negative (finding)"/>
          </contains>
          <contains>
            <system value="http://snomed.info/sct"/>
            <code value="419984006"/>
            <display value="Inconclusive (qualifier value)"/>
          </contains>
        </expansion>
      </ValueSet>
    </resource>
  </entry>
  <entry>
    <fullUrl value="https://github.com/maurya/PEPFAR-WHO-Simple-HIV/ValueSet/HIVGender"/>
    <resource>
      <ValueSet>
        <id value="HIVGender"/>
        <text>
          <status value="generated"/>
          <div xmlns="http://www.w3.org/1999/xhtml">
            <p>This value set contains 4 concepts</p>
            <div style="border: black 1px dotted; background-color: #EEEEEE; padding: 8px; margin-bottom: 8px">
              <p>Expansion based on: </p>
              <ul>
                <li>
                  <a href="http://hl7.org/fhir/R4/codesystem-administrative-gender.html">AdministrativeGender v4.0.1 (CodeSystem)</a>
                </li>
                <li>SNOMED CT International edition 31-Jan 2021</li>
              </ul>
            </div>
            <table class="codes">
              <tr>
                <td style="white-space:nowrap">
                  <b>Code</b>
                </td>
                <td>
                  <b>System</b>
                </td>
                <td>
                  <b>Display</b>
                </td>
                <td>
                  <b>Definition</b>
                </td>
              </tr>
              <tr>
                <td style="white-space:nowrap">
                  <a name="http---hl7.org-fhir-administrative-gender-male"> </a>
                  <a href="http://hl7.org/fhir/R4/codesystem-administrative-gender.html#administrative-gender-male">male</a>
                </td>
                <td>http://hl7.org/fhir/administrative-gender</td>
                <td>Male</td>
                <td>Male.</td>
              </tr>
              <tr>
                <td style="white-space:nowrap">
                  <a name="http---hl7.org-fhir-administrative-gender-female"> </a>
                  <a href="http://hl7.org/fhir/R4/codesystem-administrative-gender.html#administrative-gender-female">female</a>
                </td>
                <td>http://hl7.org/fhir/administrative-gender</td>
                <td>Female</td>
                <td>Female.</td>
              </tr>
              <tr>
                <td style="white-space:nowrap">
                  <a name="http---hl7.org-fhir-administrative-gender-other"> </a>
                  <a href="http://hl7.org/fhir/R4/codesystem-administrative-gender.html#administrative-gender-other">other</a>
                </td>
                <td>http://hl7.org/fhir/administrative-gender</td>
                <td>Other</td>
                <td>Other.</td>
              </tr>
              <tr>
                <td style="white-space:nowrap">
                  <a name="http---snomed.info-sct-12271241000119109"> </a>
                  <a href="http://browser.ihtsdotools.org/?perspective=full&amp;conceptId1=12271241000119109">12271241000119109</a>
                </td>
                <td>http://snomed.info/sct</td>
                <td>Transgender identity (finding)</td>
                <td/>
              </tr>
            </table>
          </div>
        </text>
        <url value="https://github.com/maurya/PEPFAR-WHO-Simple-HIV/ValueSet/HIVGender"/>
        <version value="0.1.0"/>
        <name value="HIVGender"/>
        <title value="Gender values"/>
        <status value="active"/>
        <date value="2021-05-04T11:59:09-04:00"/>
        <contact>
          <name value="Joseph Amlung"/>
          <telecom>
            <system value="email"/>
            <value value="jamlung@regenstrief.org"/>
          </telecom>
        </contact>
        <description value="Codes describing the gender of the client"/>
        <expansion>
          <identifier value="urn:uuid:15809361-06f6-4cb7-a724-cdd0a191fe5b"/>
          <timestamp value="2021-05-04T11:59:19-04:00"/>
          <total value="4"/>
          <parameter>
            <name value="excludeNested"/>
            <valueBoolean value="false"/>
          </parameter>
          <parameter>
            <name value="version"/>
            <valueUri value="http://hl7.org/fhir/administrative-gender|4.0.1"/>
          </parameter>
          <parameter>
            <name value="limitedExpansion"/>
            <valueBoolean value="true"/>
          </parameter>
          <parameter>
            <name value="excludeNested"/>
            <valueBoolean value="true"/>
          </parameter>
          <parameter>
            <name value="version"/>
            <valueString value="http://snomed.info/sct|http://snomed.info/sct/900000000000207008/version/20210131"/>
          </parameter>
          <contains>
            <system value="http://hl7.org/fhir/administrative-gender"/>
            <code value="male"/>
            <display value="Male"/>
          </contains>
          <contains>
            <system value="http://hl7.org/fhir/administrative-gender"/>
            <code value="female"/>
            <display value="Female"/>
          </contains>
          <contains>
            <system value="http://hl7.org/fhir/administrative-gender"/>
            <code value="other"/>
            <display value="Other"/>
          </contains>
          <contains>
            <system value="http://snomed.info/sct"/>
            <code value="12271241000119109"/>
            <display value="Transgender identity (finding)"/>
          </contains>
        </expansion>
      </ValueSet>
    </resource>
  </entry>
  <entry>
    <resource>
      <ValueSet>
        <text>
          <status value="generated"/>
          <div xmlns="http://www.w3.org/1999/xhtml">
            <p>This value set contains 5 concepts</p>
            <p style="border: black 1px dotted; background-color: #EEEEEE; padding: 8px; margin-bottom: 8px">Expansion based on SNOMED CT International edition 31-Jan 2021</p>
            <p>All codes from system 
              <a href="http://terminology.hl7.org/2.1.0/CodeSystem-v3-snomed-CT.html">
                <code>http://snomed.info/sct</code>
              </a>
            </p>
            <table class="codes">
              <tr>
                <td style="white-space:nowrap">
                  <b>Code</b>
                </td>
                <td>
                  <b>Display</b>
                </td>
                <td>
                  <b>Definition</b>
                </td>
              </tr>
              <tr>
                <td style="white-space:nowrap">
                  <a name="http---snomed.info-sct-449344001"> </a>
                  <a href="http://browser.ihtsdotools.org/?perspective=full&amp;conceptId1=449344001">449344001</a>
                </td>
                <td>Sex worker (occupation)</td>
                <td/>
              </tr>
              <tr>
                <td style="white-space:nowrap">
                  <a name="http---snomed.info-sct-76102007"> </a>
                  <a href="http://browser.ihtsdotools.org/?perspective=full&amp;conceptId1=76102007">76102007</a>
                </td>
                <td>Male homosexual (finding)</td>
                <td/>
              </tr>
              <tr>
                <td style="white-space:nowrap">
                  <a name="http---snomed.info-sct-12271241000119109"> </a>
                  <a href="http://browser.ihtsdotools.org/?perspective=full&amp;conceptId1=12271241000119109">12271241000119109</a>
                </td>
                <td>Transgender identity (finding)</td>
                <td/>
              </tr>
              <tr>
                <td style="white-space:nowrap">
                  <a name="http---snomed.info-sct-226034001"> </a>
                  <a href="http://browser.ihtsdotools.org/?perspective=full&amp;conceptId1=226034001">226034001</a>
                </td>
                <td>Injecting drug user (finding)</td>
                <td/>
              </tr>
              <tr>
                <td style="white-space:nowrap">
                  <a name="http---snomed.info-sct-105568001"> </a>
                  <a href="http://browser.ihtsdotools.org/?perspective=full&amp;conceptId1=105568001">105568001</a>
                </td>
                <td>In prison (finding)</td>
                <td/>
              </tr>
            </table>
          </div>
        </text>
        <status value="active"/>
        <expansion>
          <identifier value="urn:uuid:8cc976bf-a497-4282-8692-cd7e831d8a8f"/>
          <timestamp value="2021-04-30T14:36:18.370Z"/>
          <parameter>
            <name value="limitedExpansion"/>
            <valueBoolean value="true"/>
          </parameter>
          <parameter>
            <name value="version"/>
            <valueString value="http://snomed.info/sct|http://snomed.info/sct/900000000000207008/version/20210131"/>
          </parameter>
          <contains>
            <system value="http://snomed.info/sct"/>
            <code value="449344001"/>
            <display value="Sex worker (occupation)"/>
          </contains>
          <contains>
            <system value="http://snomed.info/sct"/>
            <code value="76102007"/>
            <display value="Male homosexual (finding)"/>
          </contains>
          <contains>
            <system value="http://snomed.info/sct"/>
            <code value="12271241000119109"/>
            <display value="Transgender identity (finding)"/>
          </contains>
          <contains>
            <system value="http://snomed.info/sct"/>
            <code value="226034001"/>
            <display value="Injecting drug user (finding)"/>
          </contains>
          <contains>
            <system value="http://snomed.info/sct"/>
            <code value="105568001"/>
            <display value="In prison (finding)"/>
          </contains>
        </expansion>
      </ValueSet>
    </resource>
  </entry>
  <entry>
    <fullUrl value="https://github.com/maurya/PEPFAR-WHO-Simple-HIV/ValueSet/ARTStartTypeValues"/>
    <resource>
      <ValueSet>
        <id value="ARTStartTypeValues"/>
        <text>
          <status value="generated"/>
          <div xmlns="http://www.w3.org/1999/xhtml">
            <p>This value set contains 2 concepts</p>
            <p style="border: black 1px dotted; background-color: #EEEEEE; padding: 8px; margin-bottom: 8px">Expansion based on 
              <a href="CodeSystem-HIVExtendedCodes.html">HIV Extended Codes v0.1.0 (CodeSystem)</a>
            </p>
            <p>All codes from system 
              <a href="CodeSystem-HIVExtendedCodes.html">
                <code>https://github.com/maurya/PEPFAR-WHO-Simple-HIV/CodeSystem/HIVExtendedCodes</code>
              </a>
            </p>
            <table class="codes">
              <tr>
                <td style="white-space:nowrap">
                  <b>Code</b>
                </td>
                <td>
                  <b>Display</b>
                </td>
                <td>
                  <b>Definition</b>
                </td>
              </tr>
              <tr>
                <td style="white-space:nowrap">
                  <a name="https---github.com-maurya-PEPFAR-WHO-Simple-HIV-CodeSystem-HIVExtendedCodes-First-time"> </a>
                  <a href="CodeSystem-HIVExtendedCodes.html#HIVExtendedCodes-First-time">First-time</a>
                </td>
                <td>First-time user of ART</td>
                <td>Client is ART naive, having never taken ART to treat HIV before</td>
              </tr>
              <tr>
                <td style="white-space:nowrap">
                  <a name="https---github.com-maurya-PEPFAR-WHO-Simple-HIV-CodeSystem-HIVExtendedCodes-Restarting"> </a>
                  <a href="CodeSystem-HIVExtendedCodes.html#HIVExtendedCodes-Restarting">Restarting</a>
                </td>
                <td>Restarting ART</td>
                <td>Client is restarting ART after stopping treatment for any reason</td>
              </tr>
            </table>
          </div>
        </text>
        <url value="https://github.com/maurya/PEPFAR-WHO-Simple-HIV/ValueSet/ARTStartTypeValues"/>
        <version value="0.1.0"/>
        <name value="ARTStartTypeValues"/>
        <title value="ART Start Type values"/>
        <status value="active"/>
        <date value="2021-05-04T11:59:09-04:00"/>
        <contact>
          <name value="Joseph Amlung"/>
          <telecom>
            <system value="email"/>
            <value value="jamlung@regenstrief.org"/>
          </telecom>
        </contact>
        <description value="Codes describing whether the client is ART naive or is restarting ART"/>
        <expansion>
          <identifier value="urn:uuid:75c96e71-adb5-4229-803c-b9fda1425684"/>
          <timestamp value="2021-05-04T11:59:21-04:00"/>
          <total value="2"/>
          <parameter>
            <name value="excludeNested"/>
            <valueBoolean value="false"/>
          </parameter>
          <parameter>
            <name value="version"/>
            <valueUri value="https://github.com/maurya/PEPFAR-WHO-Simple-HIV/CodeSystem/HIVExtendedCodes|0.1.0"/>
          </parameter>
          <contains>
            <system value="https://github.com/maurya/PEPFAR-WHO-Simple-HIV/CodeSystem/HIVExtendedCodes"/>
            <code value="First-time"/>
            <display value="First-time user of ART"/>
          </contains>
          <contains>
            <system value="https://github.com/maurya/PEPFAR-WHO-Simple-HIV/CodeSystem/HIVExtendedCodes"/>
            <code value="Restarting"/>
            <display value="Restarting ART"/>
          </contains>
        </expansion>
      </ValueSet>
    </resource>
  </entry>
  <entry>
    <fullUrl value="https://github.com/maurya/PEPFAR-WHO-Simple-HIV/ValueSet/VLReasonValues"/>
    <resource>
      <ValueSet>
        <id value="VLReasonValues"/>
        <text>
          <status value="generated"/>
          <div xmlns="http://www.w3.org/1999/xhtml">
            <p>This value set contains 2 concepts</p>
            <p style="border: black 1px dotted; background-color: #EEEEEE; padding: 8px; margin-bottom: 8px">Expansion based on 
              <a href="CodeSystem-HIVExtendedCodes.html">HIV Extended Codes v0.1.0 (CodeSystem)</a>
            </p>
            <p>All codes from system 
              <a href="CodeSystem-HIVExtendedCodes.html">
                <code>https://github.com/maurya/PEPFAR-WHO-Simple-HIV/CodeSystem/HIVExtendedCodes</code>
              </a>
            </p>
            <table class="codes">
              <tr>
                <td style="white-space:nowrap">
                  <b>Code</b>
                </td>
                <td>
                  <b>Display</b>
                </td>
                <td>
                  <b>Definition</b>
                </td>
              </tr>
              <tr>
                <td style="white-space:nowrap">
                  <a name="https---github.com-maurya-PEPFAR-WHO-Simple-HIV-CodeSystem-HIVExtendedCodes-Routine"> </a>
                  <a href="CodeSystem-HIVExtendedCodes.html#HIVExtendedCodes-Routine">Routine</a>
                </td>
                <td>Routine viral load test</td>
                <td>Routine refers to viral load tests obtained at standard intervals following ART initiation to monitor viral load response to ART</td>
              </tr>
              <tr>
                <td style="white-space:nowrap">
                  <a name="https---github.com-maurya-PEPFAR-WHO-Simple-HIV-CodeSystem-HIVExtendedCodes-Targeted"> </a>
                  <a href="CodeSystem-HIVExtendedCodes.html#HIVExtendedCodes-Targeted">Targeted</a>
                </td>
                <td>Targeted viral load monitoring</td>
                <td>Targeted refers to viral load tests obtained based on a specific clinical indication (such as concern about disease progression or failure to respond to ART)</td>
              </tr>
            </table>
          </div>
        </text>
        <url value="https://github.com/maurya/PEPFAR-WHO-Simple-HIV/ValueSet/VLReasonValues"/>
        <version value="0.1.0"/>
        <name value="VLReasonValues"/>
        <title value="Reason for HIV viral load test values"/>
        <status value="active"/>
        <date value="2021-05-04T11:59:09-04:00"/>
        <contact>
          <name value="Joseph Amlung"/>
          <telecom>
            <system value="email"/>
            <value value="jamlung@regenstrief.org"/>
          </telecom>
        </contact>
        <description value="Codes describing the reason for HIV viral load test"/>
        <expansion>
          <identifier value="urn:uuid:7bd36d91-1b06-4b65-a709-50d181891f3d"/>
          <timestamp value="2021-05-04T11:59:21-04:00"/>
          <total value="2"/>
          <parameter>
            <name value="excludeNested"/>
            <valueBoolean value="false"/>
          </parameter>
          <parameter>
            <name value="version"/>
            <valueUri value="https://github.com/maurya/PEPFAR-WHO-Simple-HIV/CodeSystem/HIVExtendedCodes|0.1.0"/>
          </parameter>
          <contains>
            <system value="https://github.com/maurya/PEPFAR-WHO-Simple-HIV/CodeSystem/HIVExtendedCodes"/>
            <code value="Routine"/>
            <display value="Routine viral load test"/>
          </contains>
          <contains>
            <system value="https://github.com/maurya/PEPFAR-WHO-Simple-HIV/CodeSystem/HIVExtendedCodes"/>
            <code value="Targeted"/>
            <display value="Targeted viral load monitoring"/>
          </contains>
        </expansion>
      </ValueSet>
    </resource>
  </entry>
</Bundle>