<?xml version="1.0" encoding="UTF-8"?>
<library xmlns="urn:hl7-org:elm:r1" xmlns:t="urn:hl7-org:elm-types:r1" xmlns:xsi="http://www.w3.org/2001/XMLSchema-instance" xmlns:xsd="http://www.w3.org/2001/XMLSchema" xmlns:fhir="http://hl7.org/fhir" xmlns:qdm43="urn:healthit-gov:qdm:v4_3" xmlns:qdm53="urn:healthit-gov:qdm:v5_3" xmlns:a="urn:hl7-org:cql-annotations:r1">
   <annotation translatorOptions="EnableAnnotations,EnableLocators,DisableListDemotion,DisableListPromotion" xsi:type="a:CqlToElmInfo"/>
   <identifier id="AgeRanges" system="https://github.com/maurya/PEPFAR-WHO-Simple-HIV" version="0.1.0"/>
   <schemaIdentifier id="urn:hl7-org:elm" version="r1"/>
   <usings>
      <def localIdentifier="System" uri="urn:hl7-org:elm-types:r1"/>
      <def localId="1" locator="3:1-3:26" localIdentifier="FHIR" uri="http://hl7.org/fhir" version="4.0.1">
         <annotation xsi:type="a:Annotation">
            <a:s r="1">
               <a:s>using FHIR version '4.0.1'</a:s>
            </a:s>
         </annotation>
      </def>
   </usings>
   <parameters>
      <def localId="28" locator="21:1-21:70" name="MeasurementPeriod" accessLevel="Public">
         <annotation xsi:type="a:Annotation">
            <a:s r="28">
               <a:s>parameter MeasurementPeriod default </a:s>
               <a:s r="27">
                  <a:s r="25">Interval[@2000-01-01, @2021-01-01)</a:s>
               </a:s>
            </a:s>
         </annotation>
         <default localId="27" locator="21:37-21:70" lowClosed="true" highClosed="false" xsi:type="Interval">
            <low localId="25" locator="21:46-21:56" xsi:type="Date">
               <year valueType="t:Integer" value="2000" xsi:type="Literal"/>
               <month valueType="t:Integer" value="1" xsi:type="Literal"/>
               <day valueType="t:Integer" value="1" xsi:type="Literal"/>
            </low>
            <high localId="26" locator="21:59-21:69" xsi:type="Date">
               <year valueType="t:Integer" value="2021" xsi:type="Literal"/>
               <month valueType="t:Integer" value="1" xsi:type="Literal"/>
               <day valueType="t:Integer" value="1" xsi:type="Literal"/>
            </high>
         </default>
      </def>
   </parameters>
   <codeSystems>
      <def localId="2" locator="5:1-5:92" name="ISO-8601-Derived Periods" id="http://ohie.org/CodeSystem/iso-8601-derived-periods" accessLevel="Public">
         <annotation xsi:type="a:Annotation">
            <a:s r="2">
               <a:s>codesystem &quot;ISO-8601-Derived Periods&quot;: 'http://ohie.org/CodeSystem/iso-8601-derived-periods'</a:s>
            </a:s>
         </annotation>
      </def>
   </codeSystems>
   <codes>
      <def localId="4" locator="8:1-8:78" name="P0Y--P1Y" id="P0Y--P1Y" display="&lt; 1 year" accessLevel="Public">
         <annotation xsi:type="a:Annotation">
            <a:s r="4">
               <a:s>code &quot;P0Y--P1Y&quot;: 'P0Y--P1Y' from </a:s>
               <a:s r="3">
                  <a:s>&quot;ISO-8601-Derived Periods&quot;</a:s>
               </a:s>
               <a:s> display '&lt; 1 year'</a:s>
            </a:s>
         </annotation>
         <codeSystem localId="3" locator="8:34-8:59" name="ISO-8601-Derived Periods"/>
      </def>
      <def localId="6" locator="9:1-9:79" name="P1Y--P5Y" id="P1Y--P5Y" display="1-4 years" accessLevel="Public">
         <annotation xsi:type="a:Annotation">
            <a:s r="6">
               <a:s>code &quot;P1Y--P5Y&quot;: 'P1Y--P5Y' from </a:s>
               <a:s r="5">
                  <a:s>&quot;ISO-8601-Derived Periods&quot;</a:s>
               </a:s>
               <a:s> display '1-4 years'</a:s>
            </a:s>
         </annotation>
         <codeSystem localId="5" locator="9:34-9:59" name="ISO-8601-Derived Periods"/>
      </def>
      <def localId="8" locator="10:1-10:80" name="P5Y--P10Y" id="P5Y--P10Y" display="5-9 year" accessLevel="Public">
         <annotation xsi:type="a:Annotation">
            <a:s r="8">
               <a:s>code &quot;P5Y--P10Y&quot;: 'P5Y--P10Y' from </a:s>
               <a:s r="7">
                  <a:s>&quot;ISO-8601-Derived Periods&quot;</a:s>
               </a:s>
               <a:s> display '5-9 year'</a:s>
            </a:s>
         </annotation>
         <codeSystem localId="7" locator="10:36-10:61" name="ISO-8601-Derived Periods"/>
      </def>
      <def localId="10" locator="11:1-11:84" name="P10Y--P15Y" id="P10Y--P15Y" display="10-14 year" accessLevel="Public">
         <annotation xsi:type="a:Annotation">
            <a:s r="10">
               <a:s>code &quot;P10Y--P15Y&quot;: 'P10Y--P15Y' from </a:s>
               <a:s r="9">
                  <a:s>&quot;ISO-8601-Derived Periods&quot;</a:s>
               </a:s>
               <a:s> display '10-14 year'</a:s>
            </a:s>
         </annotation>
         <codeSystem localId="9" locator="11:38-11:63" name="ISO-8601-Derived Periods"/>
      </def>
      <def localId="12" locator="12:1-12:84" name="P15Y--P20Y" id="P15Y--P20Y" display="15-19 year" accessLevel="Public">
         <annotation xsi:type="a:Annotation">
            <a:s r="12">
               <a:s>code &quot;P15Y--P20Y&quot;: 'P15Y--P20Y' from </a:s>
               <a:s r="11">
                  <a:s>&quot;ISO-8601-Derived Periods&quot;</a:s>
               </a:s>
               <a:s> display '15-19 year'</a:s>
            </a:s>
         </annotation>
         <codeSystem localId="11" locator="12:38-12:63" name="ISO-8601-Derived Periods"/>
      </def>
      <def localId="14" locator="13:1-13:84" name="P20Y--P25Y" id="P20Y--P25Y" display="20-24 year" accessLevel="Public">
         <annotation xsi:type="a:Annotation">
            <a:s r="14">
               <a:s>code &quot;P20Y--P25Y&quot;: 'P20Y--P25Y' from </a:s>
               <a:s r="13">
                  <a:s>&quot;ISO-8601-Derived Periods&quot;</a:s>
               </a:s>
               <a:s> display '20-24 year'</a:s>
            </a:s>
         </annotation>
         <codeSystem localId="13" locator="13:38-13:63" name="ISO-8601-Derived Periods"/>
      </def>
      <def localId="16" locator="14:1-14:84" name="P25Y--P30Y" id="P25Y--P30Y" display="25-29 year" accessLevel="Public">
         <annotation xsi:type="a:Annotation">
            <a:s r="16">
               <a:s>code &quot;P25Y--P30Y&quot;: 'P25Y--P30Y' from </a:s>
               <a:s r="15">
                  <a:s>&quot;ISO-8601-Derived Periods&quot;</a:s>
               </a:s>
               <a:s> display '25-29 year'</a:s>
            </a:s>
         </annotation>
         <codeSystem localId="15" locator="14:38-14:63" name="ISO-8601-Derived Periods"/>
      </def>
      <def localId="18" locator="15:1-15:84" name="P30Y--P35Y" id="P30Y--P35Y" display="30-34 year" accessLevel="Public">
         <annotation xsi:type="a:Annotation">
            <a:s r="18">
               <a:s>code &quot;P30Y--P35Y&quot;: 'P30Y--P35Y' from </a:s>
               <a:s r="17">
                  <a:s>&quot;ISO-8601-Derived Periods&quot;</a:s>
               </a:s>
               <a:s> display '30-34 year'</a:s>
            </a:s>
         </annotation>
         <codeSystem localId="17" locator="15:38-15:63" name="ISO-8601-Derived Periods"/>
      </def>
      <def localId="20" locator="16:1-16:84" name="P35Y--P40Y" id="P35Y--P40Y" display="35-39 year" accessLevel="Public">
         <annotation xsi:type="a:Annotation">
            <a:s r="20">
               <a:s>code &quot;P35Y--P40Y&quot;: 'P35Y--P40Y' from </a:s>
               <a:s r="19">
                  <a:s>&quot;ISO-8601-Derived Periods&quot;</a:s>
               </a:s>
               <a:s> display '35-39 year'</a:s>
            </a:s>
         </annotation>
         <codeSystem localId="19" locator="16:38-16:63" name="ISO-8601-Derived Periods"/>
      </def>
      <def localId="22" locator="17:1-17:84" name="P40Y--P50Y" id="P40Y--P50Y" display="40-49 year" accessLevel="Public">
         <annotation xsi:type="a:Annotation">
            <a:s r="22">
               <a:s>code &quot;P40Y--P50Y&quot;: 'P40Y--P50Y' from </a:s>
               <a:s r="21">
                  <a:s>&quot;ISO-8601-Derived Periods&quot;</a:s>
               </a:s>
               <a:s> display '40-49 year'</a:s>
            </a:s>
         </annotation>
         <codeSystem localId="21" locator="17:38-17:63" name="ISO-8601-Derived Periods"/>
      </def>
      <def localId="24" locator="18:1-18:87" name="P50Y--P9999Y" id="P50Y--P9999Y" display="50+ years" accessLevel="Public">
         <annotation xsi:type="a:Annotation">
            <a:s r="24">
               <a:s>code &quot;P50Y--P9999Y&quot;: 'P50Y--P9999Y' from </a:s>
               <a:s r="23">
                  <a:s>&quot;ISO-8601-Derived Periods&quot;</a:s>
               </a:s>
               <a:s> display '50+ years'</a:s>
            </a:s>
         </annotation>
         <codeSystem localId="23" locator="18:42-18:67" name="ISO-8601-Derived Periods"/>
      </def>
   </codes>
   <contexts>
      <def locator="23:1-23:15" name="Patient"/>
   </contexts>
   <statements>
      <def locator="23:1-23:15" name="Patient" context="Patient">
         <expression xsi:type="SingletonFrom">
            <operand locator="23:1-23:15" dataType="fhir:Patient" templateId="http://hl7.org/fhir/StructureDefinition/Patient" xsi:type="Retrieve"/>
         </expression>
      </def>
      <def localId="130" locator="26:1-40:5" name="Age Group" context="Patient" accessLevel="Public">
         <annotation xsi:type="a:Annotation">
            <a:s r="130">
               <a:s>define &quot;Age Group&quot;:
  </a:s>
               <a:s r="129">
                  <a:s>case
    </a:s>
                  <a:s r="37">
                     <a:s>when </a:s>
                     <a:s r="35">
                        <a:s r="31">
                           <a:s>AgeInYearsAt(</a:s>
                           <a:s r="30">
                              <a:s>start of </a:s>
                              <a:s r="29">
                                 <a:s>MeasurementPeriod</a:s>
                              </a:s>
                           </a:s>
                           <a:s>)</a:s>
                        </a:s>
                        <a:s> in </a:s>
                        <a:s r="34">
                           <a:s r="32">Interval[0, 1)</a:s>
                        </a:s>
                     </a:s>
                     <a:s> then </a:s>
                     <a:s r="36">
                        <a:s>&quot;P0Y--P1Y&quot;</a:s>
                     </a:s>
                  </a:s>
                  <a:s>
    </a:s>
                  <a:s r="46">
                     <a:s>when </a:s>
                     <a:s r="44">
                        <a:s r="40">
                           <a:s>AgeInYearsAt(</a:s>
                           <a:s r="39">
                              <a:s>start of </a:s>
                              <a:s r="38">
                                 <a:s>MeasurementPeriod</a:s>
                              </a:s>
                           </a:s>
                           <a:s>)</a:s>
                        </a:s>
                        <a:s> in </a:s>
                        <a:s r="43">
                           <a:s r="41">Interval[1, 5)</a:s>
                        </a:s>
                     </a:s>
                     <a:s> then </a:s>
                     <a:s r="45">
                        <a:s>&quot;P1Y--P5Y&quot;</a:s>
                     </a:s>
                  </a:s>
                  <a:s>
    </a:s>
                  <a:s r="55">
                     <a:s>when </a:s>
                     <a:s r="53">
                        <a:s r="49">
                           <a:s>AgeInYearsAt(</a:s>
                           <a:s r="48">
                              <a:s>start of </a:s>
                              <a:s r="47">
                                 <a:s>MeasurementPeriod</a:s>
                              </a:s>
                           </a:s>
                           <a:s>)</a:s>
                        </a:s>
                        <a:s> in </a:s>
                        <a:s r="52">
                           <a:s r="50">Interval[5, 10)</a:s>
                        </a:s>
                     </a:s>
                     <a:s> then </a:s>
                     <a:s r="54">
                        <a:s>&quot;P5Y--P10Y&quot;</a:s>
                     </a:s>
                  </a:s>
                  <a:s>
    </a:s>
                  <a:s r="64">
                     <a:s>when </a:s>
                     <a:s r="62">
                        <a:s r="58">
                           <a:s>AgeInYearsAt(</a:s>
                           <a:s r="57">
                              <a:s>start of </a:s>
                              <a:s r="56">
                                 <a:s>MeasurementPeriod</a:s>
                              </a:s>
                           </a:s>
                           <a:s>)</a:s>
                        </a:s>
                        <a:s> in </a:s>
                        <a:s r="61">
                           <a:s r="59">Interval[10, 15)</a:s>
                        </a:s>
                     </a:s>
                     <a:s> then </a:s>
                     <a:s r="63">
                        <a:s>&quot;P10Y--P15Y&quot;</a:s>
                     </a:s>
                  </a:s>
                  <a:s>
    </a:s>
                  <a:s r="73">
                     <a:s>when </a:s>
                     <a:s r="71">
                        <a:s r="67">
                           <a:s>AgeInYearsAt(</a:s>
                           <a:s r="66">
                              <a:s>start of </a:s>
                              <a:s r="65">
                                 <a:s>MeasurementPeriod</a:s>
                              </a:s>
                           </a:s>
                           <a:s>)</a:s>
                        </a:s>
                        <a:s> in </a:s>
                        <a:s r="70">
                           <a:s r="68">Interval[15, 20)</a:s>
                        </a:s>
                     </a:s>
                     <a:s> then </a:s>
                     <a:s r="72">
                        <a:s>&quot;P15Y--P20Y&quot;</a:s>
                     </a:s>
                  </a:s>
                  <a:s>
    </a:s>
                  <a:s r="82">
                     <a:s>when </a:s>
                     <a:s r="80">
                        <a:s r="76">
                           <a:s>AgeInYearsAt(</a:s>
                           <a:s r="75">
                              <a:s>start of </a:s>
                              <a:s r="74">
                                 <a:s>MeasurementPeriod</a:s>
                              </a:s>
                           </a:s>
                           <a:s>)</a:s>
                        </a:s>
                        <a:s> in </a:s>
                        <a:s r="79">
                           <a:s r="77">Interval[20, 25)</a:s>
                        </a:s>
                     </a:s>
                     <a:s> then </a:s>
                     <a:s r="81">
                        <a:s>&quot;P20Y--P25Y&quot;</a:s>
                     </a:s>
                  </a:s>
                  <a:s>
    </a:s>
                  <a:s r="91">
                     <a:s>when </a:s>
                     <a:s r="89">
                        <a:s r="85">
                           <a:s>AgeInYearsAt(</a:s>
                           <a:s r="84">
                              <a:s>start of </a:s>
                              <a:s r="83">
                                 <a:s>MeasurementPeriod</a:s>
                              </a:s>
                           </a:s>
                           <a:s>)</a:s>
                        </a:s>
                        <a:s> in </a:s>
                        <a:s r="88">
                           <a:s r="86">Interval[25, 30)</a:s>
                        </a:s>
                     </a:s>
                     <a:s> then </a:s>
                     <a:s r="90">
                        <a:s>&quot;P25Y--P30Y&quot;</a:s>
                     </a:s>
                  </a:s>
                  <a:s>
    </a:s>
                  <a:s r="100">
                     <a:s>when </a:s>
                     <a:s r="98">
                        <a:s r="94">
                           <a:s>AgeInYearsAt(</a:s>
                           <a:s r="93">
                              <a:s>start of </a:s>
                              <a:s r="92">
                                 <a:s>MeasurementPeriod</a:s>
                              </a:s>
                           </a:s>
                           <a:s>)</a:s>
                        </a:s>
                        <a:s> in </a:s>
                        <a:s r="97">
                           <a:s r="95">Interval[30, 35)</a:s>
                        </a:s>
                     </a:s>
                     <a:s> then </a:s>
                     <a:s r="99">
                        <a:s>&quot;P30Y--P35Y&quot;</a:s>
                     </a:s>
                  </a:s>
                  <a:s>
    </a:s>
                  <a:s r="109">
                     <a:s>when </a:s>
                     <a:s r="107">
                        <a:s r="103">
                           <a:s>AgeInYearsAt(</a:s>
                           <a:s r="102">
                              <a:s>start of </a:s>
                              <a:s r="101">
                                 <a:s>MeasurementPeriod</a:s>
                              </a:s>
                           </a:s>
                           <a:s>)</a:s>
                        </a:s>
                        <a:s> in </a:s>
                        <a:s r="106">
                           <a:s r="104">Interval[35, 40)</a:s>
                        </a:s>
                     </a:s>
                     <a:s> then </a:s>
                     <a:s r="108">
                        <a:s>&quot;P35Y--P40Y&quot;</a:s>
                     </a:s>
                  </a:s>
                  <a:s>
    </a:s>
                  <a:s r="118">
                     <a:s>when </a:s>
                     <a:s r="116">
                        <a:s r="112">
                           <a:s>AgeInYearsAt(</a:s>
                           <a:s r="111">
                              <a:s>start of </a:s>
                              <a:s r="110">
                                 <a:s>MeasurementPeriod</a:s>
                              </a:s>
                           </a:s>
                           <a:s>)</a:s>
                        </a:s>
                        <a:s> in </a:s>
                        <a:s r="115">
                           <a:s r="113">Interval[40, 50)</a:s>
                        </a:s>
                     </a:s>
                     <a:s> then </a:s>
                     <a:s r="117">
                        <a:s>&quot;P40Y--P50Y&quot;</a:s>
                     </a:s>
                  </a:s>
                  <a:s>
    </a:s>
                  <a:s r="127">
                     <a:s>when </a:s>
                     <a:s r="125">
                        <a:s r="121">
                           <a:s>AgeInYearsAt(</a:s>
                           <a:s r="120">
                              <a:s>start of </a:s>
                              <a:s r="119">
                                 <a:s>MeasurementPeriod</a:s>
                              </a:s>
                           </a:s>
                           <a:s>)</a:s>
                        </a:s>
                        <a:s> in </a:s>
                        <a:s r="124">
                           <a:s r="122">Interval[50, null]</a:s>
                        </a:s>
                     </a:s>
                     <a:s> then </a:s>
                     <a:s r="126">
                        <a:s>&quot;P50Y--P9999Y&quot;</a:s>
                     </a:s>
                  </a:s>
                  <a:s r="128">
    else null
  end</a:s>
               </a:s>
            </a:s>
         </annotation>
         <expression localId="129" locator="27:3-40:5" xsi:type="Case">
            <caseItem localId="37" locator="28:5-28:83">
               <when localId="35" locator="28:10-28:67" xsi:type="In">
                  <operand localId="31" locator="28:10-28:49" precision="Year" xsi:type="CalculateAgeAt">
                     <operand path="birthDate.value" xsi:type="Property">
                        <source name="Patient" xsi:type="ExpressionRef"/>
                     </operand>
                     <operand localId="30" locator="28:23-28:48" xsi:type="Start">
                        <operand localId="29" locator="28:32-28:48" name="MeasurementPeriod" xsi:type="ParameterRef"/>
                     </operand>
                  </operand>
                  <operand localId="34" locator="28:54-28:67" lowClosed="true" highClosed="false" xsi:type="Interval">
                     <low localId="32" locator="28:63" valueType="t:Integer" value="0" xsi:type="Literal"/>
                     <high localId="33" locator="28:66" valueType="t:Integer" value="1" xsi:type="Literal"/>
                  </operand>
               </when>
               <then localId="36" locator="28:74-28:83" name="P0Y--P1Y" xsi:type="CodeRef"/>
            </caseItem>
            <caseItem localId="46" locator="29:5-29:83">
               <when localId="44" locator="29:10-29:67" xsi:type="In">
                  <operand localId="40" locator="29:10-29:49" precision="Year" xsi:type="CalculateAgeAt">
                     <operand path="birthDate.value" xsi:type="Property">
                        <source name="Patient" xsi:type="ExpressionRef"/>
                     </operand>
                     <operand localId="39" locator="29:23-29:48" xsi:type="Start">
                        <operand localId="38" locator="29:32-29:48" name="MeasurementPeriod" xsi:type="ParameterRef"/>
                     </operand>
                  </operand>
                  <operand localId="43" locator="29:54-29:67" lowClosed="true" highClosed="false" xsi:type="Interval">
                     <low localId="41" locator="29:63" valueType="t:Integer" value="1" xsi:type="Literal"/>
                     <high localId="42" locator="29:66" valueType="t:Integer" value="5" xsi:type="Literal"/>
                  </operand>
               </when>
               <then localId="45" locator="29:74-29:83" name="P1Y--P5Y" xsi:type="CodeRef"/>
            </caseItem>
            <caseItem localId="55" locator="30:5-30:85">
               <when localId="53" locator="30:10-30:68" xsi:type="In">
                  <operand localId="49" locator="30:10-30:49" precision="Year" xsi:type="CalculateAgeAt">
                     <operand path="birthDate.value" xsi:type="Property">
                        <source name="Patient" xsi:type="ExpressionRef"/>
                     </operand>
                     <operand localId="48" locator="30:23-30:48" xsi:type="Start">
                        <operand localId="47" locator="30:32-30:48" name="MeasurementPeriod" xsi:type="ParameterRef"/>
                     </operand>
                  </operand>
                  <operand localId="52" locator="30:54-30:68" lowClosed="true" highClosed="false" xsi:type="Interval">
                     <low localId="50" locator="30:63" valueType="t:Integer" value="5" xsi:type="Literal"/>
                     <high localId="51" locator="30:66-30:67" valueType="t:Integer" value="10" xsi:type="Literal"/>
                  </operand>
               </when>
               <then localId="54" locator="30:75-30:85" name="P5Y--P10Y" xsi:type="CodeRef"/>
            </caseItem>
            <caseItem localId="64" locator="31:5-31:87">
               <when localId="62" locator="31:10-31:69" xsi:type="In">
                  <operand localId="58" locator="31:10-31:49" precision="Year" xsi:type="CalculateAgeAt">
                     <operand path="birthDate.value" xsi:type="Property">
                        <source name="Patient" xsi:type="ExpressionRef"/>
                     </operand>
                     <operand localId="57" locator="31:23-31:48" xsi:type="Start">
                        <operand localId="56" locator="31:32-31:48" name="MeasurementPeriod" xsi:type="ParameterRef"/>
                     </operand>
                  </operand>
                  <operand localId="61" locator="31:54-31:69" lowClosed="true" highClosed="false" xsi:type="Interval">
                     <low localId="59" locator="31:63-31:64" valueType="t:Integer" value="10" xsi:type="Literal"/>
                     <high localId="60" locator="31:67-31:68" valueType="t:Integer" value="15" xsi:type="Literal"/>
                  </operand>
               </when>
               <then localId="63" locator="31:76-31:87" name="P10Y--P15Y" xsi:type="CodeRef"/>
            </caseItem>
            <caseItem localId="73" locator="32:5-32:87">
               <when localId="71" locator="32:10-32:69" xsi:type="In">
                  <operand localId="67" locator="32:10-32:49" precision="Year" xsi:type="CalculateAgeAt">
                     <operand path="birthDate.value" xsi:type="Property">
                        <source name="Patient" xsi:type="ExpressionRef"/>
                     </operand>
                     <operand localId="66" locator="32:23-32:48" xsi:type="Start">
                        <operand localId="65" locator="32:32-32:48" name="MeasurementPeriod" xsi:type="ParameterRef"/>
                     </operand>
                  </operand>
                  <operand localId="70" locator="32:54-32:69" lowClosed="true" highClosed="false" xsi:type="Interval">
                     <low localId="68" locator="32:63-32:64" valueType="t:Integer" value="15" xsi:type="Literal"/>
                     <high localId="69" locator="32:67-32:68" valueType="t:Integer" value="20" xsi:type="Literal"/>
                  </operand>
               </when>
               <then localId="72" locator="32:76-32:87" name="P15Y--P20Y" xsi:type="CodeRef"/>
            </caseItem>
            <caseItem localId="82" locator="33:5-33:87">
               <when localId="80" locator="33:10-33:69" xsi:type="In">
                  <operand localId="76" locator="33:10-33:49" precision="Year" xsi:type="CalculateAgeAt">
                     <operand path="birthDate.value" xsi:type="Property">
                        <source name="Patient" xsi:type="ExpressionRef"/>
                     </operand>
                     <operand localId="75" locator="33:23-33:48" xsi:type="Start">
                        <operand localId="74" locator="33:32-33:48" name="MeasurementPeriod" xsi:type="ParameterRef"/>
                     </operand>
                  </operand>
                  <operand localId="79" locator="33:54-33:69" lowClosed="true" highClosed="false" xsi:type="Interval">
                     <low localId="77" locator="33:63-33:64" valueType="t:Integer" value="20" xsi:type="Literal"/>
                     <high localId="78" locator="33:67-33:68" valueType="t:Integer" value="25" xsi:type="Literal"/>
                  </operand>
               </when>
               <then localId="81" locator="33:76-33:87" name="P20Y--P25Y" xsi:type="CodeRef"/>
            </caseItem>
            <caseItem localId="91" locator="34:5-34:87">
               <when localId="89" locator="34:10-34:69" xsi:type="In">
                  <operand localId="85" locator="34:10-34:49" precision="Year" xsi:type="CalculateAgeAt">
                     <operand path="birthDate.value" xsi:type="Property">
                        <source name="Patient" xsi:type="ExpressionRef"/>
                     </operand>
                     <operand localId="84" locator="34:23-34:48" xsi:type="Start">
                        <operand localId="83" locator="34:32-34:48" name="MeasurementPeriod" xsi:type="ParameterRef"/>
                     </operand>
                  </operand>
                  <operand localId="88" locator="34:54-34:69" lowClosed="true" highClosed="false" xsi:type="Interval">
                     <low localId="86" locator="34:63-34:64" valueType="t:Integer" value="25" xsi:type="Literal"/>
                     <high localId="87" locator="34:67-34:68" valueType="t:Integer" value="30" xsi:type="Literal"/>
                  </operand>
               </when>
               <then localId="90" locator="34:76-34:87" name="P25Y--P30Y" xsi:type="CodeRef"/>
            </caseItem>
            <caseItem localId="100" locator="35:5-35:87">
               <when localId="98" locator="35:10-35:69" xsi:type="In">
                  <operand localId="94" locator="35:10-35:49" precision="Year" xsi:type="CalculateAgeAt">
                     <operand path="birthDate.value" xsi:type="Property">
                        <source name="Patient" xsi:type="ExpressionRef"/>
                     </operand>
                     <operand localId="93" locator="35:23-35:48" xsi:type="Start">
                        <operand localId="92" locator="35:32-35:48" name="MeasurementPeriod" xsi:type="ParameterRef"/>
                     </operand>
                  </operand>
                  <operand localId="97" locator="35:54-35:69" lowClosed="true" highClosed="false" xsi:type="Interval">
                     <low localId="95" locator="35:63-35:64" valueType="t:Integer" value="30" xsi:type="Literal"/>
                     <high localId="96" locator="35:67-35:68" valueType="t:Integer" value="35" xsi:type="Literal"/>
                  </operand>
               </when>
               <then localId="99" locator="35:76-35:87" name="P30Y--P35Y" xsi:type="CodeRef"/>
            </caseItem>
            <caseItem localId="109" locator="36:5-36:87">
               <when localId="107" locator="36:10-36:69" xsi:type="In">
                  <operand localId="103" locator="36:10-36:49" precision="Year" xsi:type="CalculateAgeAt">
                     <operand path="birthDate.value" xsi:type="Property">
                        <source name="Patient" xsi:type="ExpressionRef"/>
                     </operand>
                     <operand localId="102" locator="36:23-36:48" xsi:type="Start">
                        <operand localId="101" locator="36:32-36:48" name="MeasurementPeriod" xsi:type="ParameterRef"/>
                     </operand>
                  </operand>
                  <operand localId="106" locator="36:54-36:69" lowClosed="true" highClosed="false" xsi:type="Interval">
                     <low localId="104" locator="36:63-36:64" valueType="t:Integer" value="35" xsi:type="Literal"/>
                     <high localId="105" locator="36:67-36:68" valueType="t:Integer" value="40" xsi:type="Literal"/>
                  </operand>
               </when>
               <then localId="108" locator="36:76-36:87" name="P35Y--P40Y" xsi:type="CodeRef"/>
            </caseItem>
            <caseItem localId="118" locator="37:5-37:87">
               <when localId="116" locator="37:10-37:69" xsi:type="In">
                  <operand localId="112" locator="37:10-37:49" precision="Year" xsi:type="CalculateAgeAt">
                     <operand path="birthDate.value" xsi:type="Property">
                        <source name="Patient" xsi:type="ExpressionRef"/>
                     </operand>
                     <operand localId="111" locator="37:23-37:48" xsi:type="Start">
                        <operand localId="110" locator="37:32-37:48" name="MeasurementPeriod" xsi:type="ParameterRef"/>
                     </operand>
                  </operand>
                  <operand localId="115" locator="37:54-37:69" lowClosed="true" highClosed="false" xsi:type="Interval">
                     <low localId="113" locator="37:63-37:64" valueType="t:Integer" value="40" xsi:type="Literal"/>
                     <high localId="114" locator="37:67-37:68" valueType="t:Integer" value="50" xsi:type="Literal"/>
                  </operand>
               </when>
               <then localId="117" locator="37:76-37:87" name="P40Y--P50Y" xsi:type="CodeRef"/>
            </caseItem>
            <caseItem localId="127" locator="38:5-38:91">
               <when localId="125" locator="38:10-38:71" xsi:type="In">
                  <operand localId="121" locator="38:10-38:49" precision="Year" xsi:type="CalculateAgeAt">
                     <operand path="birthDate.value" xsi:type="Property">
                        <source name="Patient" xsi:type="ExpressionRef"/>
                     </operand>
                     <operand localId="120" locator="38:23-38:48" xsi:type="Start">
                        <operand localId="119" locator="38:32-38:48" name="MeasurementPeriod" xsi:type="ParameterRef"/>
                     </operand>
                  </operand>
                  <operand localId="124" locator="38:54-38:71" lowClosed="true" highClosed="true" xsi:type="Interval">
                     <low localId="122" locator="38:63-38:64" valueType="t:Integer" value="50" xsi:type="Literal"/>
                     <high asType="t:Integer" xsi:type="As">
                        <operand localId="123" locator="38:67-38:70" xsi:type="Null"/>
                     </high>
                  </operand>
               </when>
               <then localId="126" locator="38:78-38:91" name="P50Y--P9999Y" xsi:type="CodeRef"/>
            </caseItem>
            <else asType="t:Code" xsi:type="As">
               <operand localId="128" locator="39:10-39:13" xsi:type="Null"/>
            </else>
         </expression>
      </def>
   </statements>
</library>
