<?xml version="1.0" encoding="UTF-8"?>
<library xmlns="urn:hl7-org:elm:r1" xmlns:t="urn:hl7-org:elm-types:r1" xmlns:xsi="http://www.w3.org/2001/XMLSchema-instance" xmlns:xsd="http://www.w3.org/2001/XMLSchema" xmlns:fhir="http://hl7.org/fhir" xmlns:qdm43="urn:healthit-gov:qdm:v4_3" xmlns:qdm53="urn:healthit-gov:qdm:v5_3" xmlns:a="urn:hl7-org:cql-annotations:r1">
   <annotation translatorOptions="EnableAnnotations,EnableLocators,DisableListDemotion,DisableListPromotion" xsi:type="a:CqlToElmInfo"/>
   <identifier id="FHIRCommon" system="https://github.com/maurya/PEPFAR-WHO-Simple-HIV" version="0.1.0"/>
   <schemaIdentifier id="urn:hl7-org:elm" version="r1"/>
   <usings>
      <def localIdentifier="System" uri="urn:hl7-org:elm-types:r1"/>
      <def localId="1" locator="3:1-3:26" localIdentifier="FHIR" uri="http://hl7.org/fhir" version="4.0.1">
         <annotation xsi:type="a:Annotation">
            <a:s r="1">
               <a:s>using FHIR version '4.0.1'</a:s>
            </a:s>
         </annotation>
      </def>
   </usings>
   <includes>
      <def localId="2" locator="5:1-5:35" localIdentifier="FHIRHelpers" path="https://github.com/maurya/PEPFAR-WHO-Simple-HIV/FHIRHelpers" version="4.0.1">
         <annotation xsi:type="a:Annotation">
            <a:s r="2">
               <a:s>include </a:s>
               <a:s>
                  <a:s>FHIRHelpers</a:s>
               </a:s>
               <a:s> version '4.0.1'</a:s>
            </a:s>
         </annotation>
      </def>
   </includes>
   <codeSystems>
      <def localId="3" locator="7:1-7:101" name="ConditionClinicalStatusCodes" id="http://terminology.hl7.org/CodeSystem/condition-clinical" accessLevel="Public">
         <annotation xsi:type="a:Annotation">
            <a:s r="3">
               <a:s>codesystem &quot;ConditionClinicalStatusCodes&quot;: 'http://terminology.hl7.org/CodeSystem/condition-clinical'</a:s>
            </a:s>
         </annotation>
      </def>
      <def localId="4" locator="8:1-8:119" name="AllergyIntoleranceClinicalStatusCodes" id="http://terminology.hl7.org/CodeSystem/allergyintolerance-clinical" accessLevel="Public">
         <annotation xsi:type="a:Annotation">
            <a:s r="4">
               <a:s>codesystem &quot;AllergyIntoleranceClinicalStatusCodes&quot;: 'http://terminology.hl7.org/CodeSystem/allergyintolerance-clinical'</a:s>
            </a:s>
         </annotation>
      </def>
      <def localId="5" locator="9:1-9:127" name="AllergyIntoleranceVerificationStatusCodes" id="http://terminology.hl7.org/CodeSystem/allergyintolerance-verification" accessLevel="Public">
         <annotation xsi:type="a:Annotation">
            <a:s r="5">
               <a:s>codesystem &quot;AllergyIntoleranceVerificationStatusCodes&quot;: 'http://terminology.hl7.org/CodeSystem/allergyintolerance-verification'</a:s>
            </a:s>
         </annotation>
      </def>
      <def localId="6" locator="10:1-10:83" name="Diagnosis Role" id="http://terminology.hl7.org/CodeSystem/diagnosis-role" accessLevel="Public">
         <annotation xsi:type="a:Annotation">
            <a:s r="6">
               <a:s>codesystem &quot;Diagnosis Role&quot;: 'http://terminology.hl7.org/CodeSystem/diagnosis-role'</a:s>
            </a:s>
         </annotation>
      </def>
      <def localId="7" locator="11:1-11:38" name="LOINC" id="http://loinc.org" accessLevel="Public">
         <annotation xsi:type="a:Annotation">
            <a:s r="7">
               <a:s>codesystem &quot;LOINC&quot;: 'http://loinc.org'</a:s>
            </a:s>
         </annotation>
      </def>
      <def localId="8" locator="12:1-12:106" name="MedicationRequestCategory" id="http://terminology.hl7.org/CodeSystem/medicationrequest-category" accessLevel="Public">
         <annotation xsi:type="a:Annotation">
            <a:s r="8">
               <a:s>codesystem &quot;MedicationRequestCategory&quot;: 'http://terminology.hl7.org/CodeSystem/medicationrequest-category'</a:s>
            </a:s>
         </annotation>
      </def>
      <def localId="9" locator="13:1-13:107" name="ConditionVerificationStatusCodes" id="http://terminology.hl7.org/CodeSystem/condition-ver-status" accessLevel="Public">
         <annotation xsi:type="a:Annotation">
            <a:s r="9">
               <a:s>codesystem &quot;ConditionVerificationStatusCodes&quot;: 'http://terminology.hl7.org/CodeSystem/condition-ver-status'</a:s>
            </a:s>
         </annotation>
      </def>
      <def localId="10" locator="14:1-14:100" name="SNOMED-CT" id="http://snomed.info/sct" version="http://snomed.info/sct/900000000000207008" accessLevel="Public">
         <annotation xsi:type="a:Annotation">
            <a:s r="10">
               <a:s>codesystem &quot;SNOMED-CT&quot;: 'http://snomed.info/sct' version 'http://snomed.info/sct/900000000000207008'</a:s>
            </a:s>
         </annotation>
      </def>
      <def localId="11" locator="15:1-15:68" name="RoleCode" id="http://terminology.hl7.org/fhir/v3-RoleCode" accessLevel="Public">
         <annotation xsi:type="a:Annotation">
            <a:s r="11">
               <a:s>codesystem &quot;RoleCode&quot;: 'http://terminology.hl7.org/fhir/v3-RoleCode'</a:s>
            </a:s>
         </annotation>
      </def>
   </codeSystems>
   <codes>
      <def localId="13" locator="17:1-17:76" name="active" id="active" display="active" accessLevel="Public">
         <annotation xsi:type="a:Annotation">
            <a:s r="13">
               <a:s>code &quot;active&quot;: 'active' from </a:s>
               <a:s r="12">
                  <a:s>&quot;ConditionClinicalStatusCodes&quot;</a:s>
               </a:s>
               <a:s> display 'active'</a:s>
            </a:s>
         </annotation>
         <codeSystem localId="12" locator="17:30-17:59" name="ConditionClinicalStatusCodes"/>
      </def>
      <def localId="15" locator="18:1-18:101" name="allergy-active" id="active" display="allergy-active" accessLevel="Public">
         <annotation xsi:type="a:Annotation">
            <a:s r="15">
               <a:s>code &quot;allergy-active&quot;: 'active' from </a:s>
               <a:s r="14">
                  <a:s>&quot;AllergyIntoleranceClinicalStatusCodes&quot;</a:s>
               </a:s>
               <a:s> display 'allergy-active'</a:s>
            </a:s>
         </annotation>
         <codeSystem localId="14" locator="18:38-18:76" name="AllergyIntoleranceClinicalStatusCodes"/>
      </def>
      <def localId="17" locator="19:1-19:114" name="allergy-confirmed" id="confirmed" display="allergy-confirmed" accessLevel="Public">
         <annotation xsi:type="a:Annotation">
            <a:s r="17">
               <a:s>code &quot;allergy-confirmed&quot;: 'confirmed' from </a:s>
               <a:s r="16">
                  <a:s>&quot;AllergyIntoleranceVerificationStatusCodes&quot;</a:s>
               </a:s>
               <a:s> display 'allergy-confirmed'</a:s>
            </a:s>
         </annotation>
         <codeSystem localId="16" locator="19:44-19:86" name="AllergyIntoleranceVerificationStatusCodes"/>
      </def>
      <def localId="19" locator="20:1-20:107" name="allergy-inactive" id="inactive" display="allergy-inactive" accessLevel="Public">
         <annotation xsi:type="a:Annotation">
            <a:s r="19">
               <a:s>code &quot;allergy-inactive&quot;: 'inactive' from </a:s>
               <a:s r="18">
                  <a:s>&quot;AllergyIntoleranceClinicalStatusCodes&quot;</a:s>
               </a:s>
               <a:s> display 'allergy-inactive'</a:s>
            </a:s>
         </annotation>
         <codeSystem localId="18" locator="20:42-20:80" name="AllergyIntoleranceClinicalStatusCodes"/>
      </def>
      <def localId="21" locator="21:1-21:108" name="allergy-refuted" id="refuted" display="allergy-refuted" accessLevel="Public">
         <annotation xsi:type="a:Annotation">
            <a:s r="21">
               <a:s>code &quot;allergy-refuted&quot;: 'refuted' from </a:s>
               <a:s r="20">
                  <a:s>&quot;AllergyIntoleranceVerificationStatusCodes&quot;</a:s>
               </a:s>
               <a:s> display 'allergy-refuted'</a:s>
            </a:s>
         </annotation>
         <codeSystem localId="20" locator="21:40-21:82" name="AllergyIntoleranceVerificationStatusCodes"/>
      </def>
      <def localId="23" locator="22:1-22:107" name="allergy-resolved" id="resolved" display="allergy-resolved" accessLevel="Public">
         <annotation xsi:type="a:Annotation">
            <a:s r="23">
               <a:s>code &quot;allergy-resolved&quot;: 'resolved' from </a:s>
               <a:s r="22">
                  <a:s>&quot;AllergyIntoleranceClinicalStatusCodes&quot;</a:s>
               </a:s>
               <a:s> display 'allergy-resolved'</a:s>
            </a:s>
         </annotation>
         <codeSystem localId="22" locator="22:42-22:80" name="AllergyIntoleranceClinicalStatusCodes"/>
      </def>
      <def localId="25" locator="23:1-23:120" name="allergy-unconfirmed" id="unconfirmed" display="allergy-unconfirmed" accessLevel="Public">
         <annotation xsi:type="a:Annotation">
            <a:s r="25">
               <a:s>code &quot;allergy-unconfirmed&quot;: 'unconfirmed' from </a:s>
               <a:s r="24">
                  <a:s>&quot;AllergyIntoleranceVerificationStatusCodes&quot;</a:s>
               </a:s>
               <a:s> display 'allergy-unconfirmed'</a:s>
            </a:s>
         </annotation>
         <codeSystem localId="24" locator="23:48-23:90" name="AllergyIntoleranceVerificationStatusCodes"/>
      </def>
      <def localId="27" locator="24:1-24:65" name="Billing" id="billing" display="Billing" accessLevel="Public">
         <annotation xsi:type="a:Annotation">
            <a:s r="27">
               <a:s>code &quot;Billing&quot;: 'billing' from </a:s>
               <a:s r="26">
                  <a:s>&quot;Diagnosis Role&quot;</a:s>
               </a:s>
               <a:s> display 'Billing'</a:s>
            </a:s>
         </annotation>
         <codeSystem localId="26" locator="24:32-24:47" name="Diagnosis Role"/>
      </def>
      <def localId="29" locator="25:1-25:61" name="Birthdate" id="21112-8" display="Birth date" accessLevel="Public">
         <annotation xsi:type="a:Annotation">
            <a:s r="29">
               <a:s>code &quot;Birthdate&quot;: '21112-8' from </a:s>
               <a:s r="28">
                  <a:s>&quot;LOINC&quot;</a:s>
               </a:s>
               <a:s> display 'Birth date'</a:s>
            </a:s>
         </annotation>
         <codeSystem localId="28" locator="25:34-25:40" name="LOINC"/>
      </def>
      <def localId="31" locator="26:1-26:82" name="Community" id="community" display="Community" accessLevel="Public">
         <annotation xsi:type="a:Annotation">
            <a:s r="31">
               <a:s>code &quot;Community&quot;: 'community' from </a:s>
               <a:s r="30">
                  <a:s>&quot;MedicationRequestCategory&quot;</a:s>
               </a:s>
               <a:s> display 'Community'</a:s>
            </a:s>
         </annotation>
         <codeSystem localId="30" locator="26:36-26:62" name="MedicationRequestCategory"/>
      </def>
      <def localId="33" locator="27:1-27:89" name="confirmed" id="confirmed" display="confirmed" accessLevel="Public">
         <annotation xsi:type="a:Annotation">
            <a:s r="33">
               <a:s>code &quot;confirmed&quot;: 'confirmed' from </a:s>
               <a:s r="32">
                  <a:s>&quot;ConditionVerificationStatusCodes&quot;</a:s>
               </a:s>
               <a:s> display 'confirmed'</a:s>
            </a:s>
         </annotation>
         <codeSystem localId="32" locator="27:36-27:69" name="ConditionVerificationStatusCodes"/>
      </def>
      <def localId="35" locator="28:1-28:56" name="Dead" id="419099009" display="Dead" accessLevel="Public">
         <annotation xsi:type="a:Annotation">
            <a:s r="35">
               <a:s>code &quot;Dead&quot;: '419099009' from </a:s>
               <a:s r="34">
                  <a:s>&quot;SNOMED-CT&quot;</a:s>
               </a:s>
               <a:s> display 'Dead'</a:s>
            </a:s>
         </annotation>
         <codeSystem localId="34" locator="28:31-28:41" name="SNOMED-CT"/>
      </def>
      <def localId="37" locator="29:1-29:98" name="differential" id="differential" display="differential" accessLevel="Public">
         <annotation xsi:type="a:Annotation">
            <a:s r="37">
               <a:s>code &quot;differential&quot;: 'differential' from </a:s>
               <a:s r="36">
                  <a:s>&quot;ConditionVerificationStatusCodes&quot;</a:s>
               </a:s>
               <a:s> display 'differential'</a:s>
            </a:s>
         </annotation>
         <codeSystem localId="36" locator="29:42-29:75" name="ConditionVerificationStatusCodes"/>
      </def>
      <def localId="39" locator="30:1-30:82" name="Discharge" id="discharge" display="Discharge" accessLevel="Public">
         <annotation xsi:type="a:Annotation">
            <a:s r="39">
               <a:s>code &quot;Discharge&quot;: 'discharge' from </a:s>
               <a:s r="38">
                  <a:s>&quot;MedicationRequestCategory&quot;</a:s>
               </a:s>
               <a:s> display 'Discharge'</a:s>
            </a:s>
         </annotation>
         <codeSystem localId="38" locator="30:36-30:62" name="MedicationRequestCategory"/>
      </def>
      <def localId="41" locator="31:1-31:110" name="entered-in-error" id="entered-in-error" display="entered-in-error" accessLevel="Public">
         <annotation xsi:type="a:Annotation">
            <a:s r="41">
               <a:s>code &quot;entered-in-error&quot;: 'entered-in-error' from </a:s>
               <a:s r="40">
                  <a:s>&quot;ConditionVerificationStatusCodes&quot;</a:s>
               </a:s>
               <a:s> display 'entered-in-error'</a:s>
            </a:s>
         </annotation>
         <codeSystem localId="40" locator="31:50-31:83" name="ConditionVerificationStatusCodes"/>
      </def>
      <def localId="43" locator="32:1-32:56" name="ER" id="ER" display="Emergency room" accessLevel="Public">
         <annotation xsi:type="a:Annotation">
            <a:s r="43">
               <a:s>code &quot;ER&quot;: 'ER' from </a:s>
               <a:s r="42">
                  <a:s>&quot;RoleCode&quot;</a:s>
               </a:s>
               <a:s> display 'Emergency room'</a:s>
            </a:s>
         </annotation>
         <codeSystem localId="42" locator="32:22-32:31" name="RoleCode"/>
      </def>
      <def localId="45" locator="33:1-33:63" name="ICU" id="ICU" display="Intensive care unit" accessLevel="Public">
         <annotation xsi:type="a:Annotation">
            <a:s r="45">
               <a:s>code &quot;ICU&quot;: 'ICU' from </a:s>
               <a:s r="44">
                  <a:s>&quot;RoleCode&quot;</a:s>
               </a:s>
               <a:s> display 'Intensive care unit'</a:s>
            </a:s>
         </annotation>
         <codeSystem localId="44" locator="33:24-33:33" name="RoleCode"/>
      </def>
      <def localId="47" locator="34:1-34:82" name="inactive" id="inactive" display="inactive" accessLevel="Public">
         <annotation xsi:type="a:Annotation">
            <a:s r="47">
               <a:s>code &quot;inactive&quot;: 'inactive' from </a:s>
               <a:s r="46">
                  <a:s>&quot;ConditionClinicalStatusCodes&quot;</a:s>
               </a:s>
               <a:s> display 'inactive'</a:s>
            </a:s>
         </annotation>
         <codeSystem localId="46" locator="34:34-34:63" name="ConditionClinicalStatusCodes"/>
      </def>
      <def localId="49" locator="35:1-35:95" name="provisional" id="provisional" display="provisional" accessLevel="Public">
         <annotation xsi:type="a:Annotation">
            <a:s r="49">
               <a:s>code &quot;provisional&quot;: 'provisional' from </a:s>
               <a:s r="48">
                  <a:s>&quot;ConditionVerificationStatusCodes&quot;</a:s>
               </a:s>
               <a:s> display 'provisional'</a:s>
            </a:s>
         </annotation>
         <codeSystem localId="48" locator="35:40-35:73" name="ConditionVerificationStatusCodes"/>
      </def>
      <def localId="51" locator="36:1-36:88" name="recurrence" id="recurrence" display="recurrence" accessLevel="Public">
         <annotation xsi:type="a:Annotation">
            <a:s r="51">
               <a:s>code &quot;recurrence&quot;: 'recurrence' from </a:s>
               <a:s r="50">
                  <a:s>&quot;ConditionClinicalStatusCodes&quot;</a:s>
               </a:s>
               <a:s> display 'recurrence'</a:s>
            </a:s>
         </annotation>
         <codeSystem localId="50" locator="36:38-36:67" name="ConditionClinicalStatusCodes"/>
      </def>
      <def localId="53" locator="37:1-37:83" name="refuted" id="refuted" display="refuted" accessLevel="Public">
         <annotation xsi:type="a:Annotation">
            <a:s r="53">
               <a:s>code &quot;refuted&quot;: 'refuted' from </a:s>
               <a:s r="52">
                  <a:s>&quot;ConditionVerificationStatusCodes&quot;</a:s>
               </a:s>
               <a:s> display 'refuted'</a:s>
            </a:s>
         </annotation>
         <codeSystem localId="52" locator="37:32-37:65" name="ConditionVerificationStatusCodes"/>
      </def>
      <def localId="55" locator="38:1-38:79" name="relapse" id="relapse" display="relapse" accessLevel="Public">
         <annotation xsi:type="a:Annotation">
            <a:s r="55">
               <a:s>code &quot;relapse&quot;: 'relapse' from </a:s>
               <a:s r="54">
                  <a:s>&quot;ConditionClinicalStatusCodes&quot;</a:s>
               </a:s>
               <a:s> display 'relapse'</a:s>
            </a:s>
         </annotation>
         <codeSystem localId="54" locator="38:32-38:61" name="ConditionClinicalStatusCodes"/>
      </def>
      <def localId="57" locator="39:1-39:85" name="remission" id="remission" display="remission" accessLevel="Public">
         <annotation xsi:type="a:Annotation">
            <a:s r="57">
               <a:s>code &quot;remission&quot;: 'remission' from </a:s>
               <a:s r="56">
                  <a:s>&quot;ConditionClinicalStatusCodes&quot;</a:s>
               </a:s>
               <a:s> display 'remission'</a:s>
            </a:s>
         </annotation>
         <codeSystem localId="56" locator="39:36-39:65" name="ConditionClinicalStatusCodes"/>
      </def>
      <def localId="59" locator="40:1-40:82" name="resolved" id="resolved" display="resolved" accessLevel="Public">
         <annotation xsi:type="a:Annotation">
            <a:s r="59">
               <a:s>code &quot;resolved&quot;: 'resolved' from </a:s>
               <a:s r="58">
                  <a:s>&quot;ConditionClinicalStatusCodes&quot;</a:s>
               </a:s>
               <a:s> display 'resolved'</a:s>
            </a:s>
         </annotation>
         <codeSystem localId="58" locator="40:34-40:63" name="ConditionClinicalStatusCodes"/>
      </def>
      <def localId="61" locator="41:1-41:95" name="unconfirmed" id="unconfirmed" display="unconfirmed" accessLevel="Public">
         <annotation xsi:type="a:Annotation">
            <a:s r="61">
               <a:s>code &quot;unconfirmed&quot;: 'unconfirmed' from </a:s>
               <a:s r="60">
                  <a:s>&quot;ConditionVerificationStatusCodes&quot;</a:s>
               </a:s>
               <a:s> display 'unconfirmed'</a:s>
            </a:s>
         </annotation>
         <codeSystem localId="60" locator="41:40-41:73" name="ConditionVerificationStatusCodes"/>
      </def>
   </codes>
   <contexts>
      <def locator="43:1-43:15" name="Patient"/>
   </contexts>
   <statements>
      <def locator="43:1-43:15" name="Patient" context="Patient">
         <expression xsi:type="SingletonFrom">
            <operand locator="43:1-43:15" dataType="fhir:Patient" templateId="http://hl7.org/fhir/StructureDefinition/Patient" xsi:type="Retrieve"/>
         </expression>
      </def>
   </statements>
</library>
