{"resourceType":"ImplementationGuide","id":"fish","text":{"status":"extensions","div":"<div xmlns=\"http://www.w3.org/1999/xhtml\"><h2>SimpleHIVImplementationGuide</h2><p>The official URL for this implementation guide is: </p><pre>https://github.com/maurya/PEPFAR-WHO-Simple-HIV/ImplementationGuide/fish</pre><div><p>Simple HIV Implementation Guide for CQL Testing (non-normative)</p>\n</div></div>"},"url":"https://github.com/maurya/PEPFAR-WHO-Simple-HIV/ImplementationGuide/fish","version":"0.1.0","name":"SimpleHIVImplementationGuide","title":"Simple HIV Implementation Guide","status":"draft","date":"2021-05-04T11:59:09-04:00","contact":[{"name":"Joseph Amlung","telecom":[{"system":"email","value":"jamlung@regenstrief.org"}]}],"description":"Simple HIV Implementation Guide for CQL Testing (non-normative)","packageId":"fish","license":"CC0-1.0","fhirVersion":["4.0.1"],"definition":{"extension":[{"extension":[{"url":"code","valueString":"copyrightyear"},{"url":"value","valueString":"2020+"}],"url":"http://hl7.org/fhir/tools/StructureDefinition/ig-parameter"},{"extension":[{"url":"code","valueString":"releaselabel"},{"url":"value","valueString":"ci-build"}],"url":"http://hl7.org/fhir/tools/StructureDefinition/ig-parameter"},{"extension":[{"url":"code","valueString":"apply-publisher"},{"url":"value","valueString":"true"}],"url":"http://hl7.org/fhir/tools/StructureDefinition/ig-parameter"},{"extension":[{"url":"code","valueString":"apply-contact"},{"url":"value","valueString":"true"}],"url":"http://hl7.org/fhir/tools/StructureDefinition/ig-parameter"},{"extension":[{"url":"code","valueString":"show-inherited-invariants"},{"url":"value","valueString":"false"}],"url":"http://hl7.org/fhir/tools/StructureDefinition/ig-parameter"},{"extension":[{"url":"code","valueString":"path-binary"},{"url":"value","valueString":"input/cql/"}],"url":"http://hl7.org/fhir/tools/StructureDefinition/ig-parameter"},{"extension":[{"url":"code","valueString":"autoload-resources"},{"url":"value","valueString":"true"}],"url":"http://hl7.org/fhir/tools/StructureDefinition/ig-parameter"},{"extension":[{"url":"code","valueString":"path-liquid"},{"url":"value","valueString":"template/liquid"}],"url":"http://hl7.org/fhir/tools/StructureDefinition/ig-parameter"},{"extension":[{"url":"code","valueString":"path-liquid"},{"url":"value","valueString":"input/liquid"}],"url":"http://hl7.org/fhir/tools/StructureDefinition/ig-parameter"},{"extension":[{"url":"code","valueString":"path-qa"},{"url":"value","valueString":"temp/qa"}],"url":"http://hl7.org/fhir/tools/StructureDefinition/ig-parameter"},{"extension":[{"url":"code","valueString":"path-temp"},{"url":"value","valueString":"temp/pages"}],"url":"http://hl7.org/fhir/tools/StructureDefinition/ig-parameter"},{"extension":[{"url":"code","valueString":"path-output"},{"url":"value","valueString":"output"}],"url":"http://hl7.org/fhir/tools/StructureDefinition/ig-parameter"},{"extension":[{"url":"code","valueString":"path-suppressed-warnings"},{"url":"value","valueString":"input/ignoreWarnings.txt"}],"url":"http://hl7.org/fhir/tools/StructureDefinition/ig-parameter"},{"extension":[{"url":"code","valueString":"path-history"},{"url":"value","valueString":"https://github.com/maurya/PEPFAR-WHO-Simple-HIV/history.html"}],"url":"http://hl7.org/fhir/tools/StructureDefinition/ig-parameter"},{"extension":[{"url":"code","valueString":"template-html"},{"url":"value","valueString":"template-page.html"}],"url":"http://hl7.org/fhir/tools/StructureDefinition/ig-parameter"},{"extension":[{"url":"code","valueString":"template-md"},{"url":"value","valueString":"template-page-md.html"}],"url":"http://hl7.org/fhir/tools/StructureDefinition/ig-parameter"},{"extension":[{"url":"code","valueString":"apply-context"},{"url":"value","valueString":"true"}],"url":"http://hl7.org/fhir/tools/StructureDefinition/ig-parameter"},{"extension":[{"url":"code","valueString":"apply-copyright"},{"url":"value","valueString":"true"}],"url":"http://hl7.org/fhir/tools/StructureDefinition/ig-parameter"},{"extension":[{"url":"code","valueString":"apply-jurisdiction"},{"url":"value","valueString":"true"}],"url":"http://hl7.org/fhir/tools/StructureDefinition/ig-parameter"},{"extension":[{"url":"code","valueString":"apply-license"},{"url":"value","valueString":"true"}],"url":"http://hl7.org/fhir/tools/StructureDefinition/ig-parameter"},{"extension":[{"url":"code","valueString":"apply-version"},{"url":"value","valueString":"true"}],"url":"http://hl7.org/fhir/tools/StructureDefinition/ig-parameter"},{"extension":[{"url":"code","valueString":"active-tables"},{"url":"value","valueString":"true"}],"url":"http://hl7.org/fhir/tools/StructureDefinition/ig-parameter"}],"grouping":[{"id":"_str_profile","name":"Structures: Resource Profiles","description":"These define constraints on FHIR resources for systems conforming to this implementation guide"},{"id":"_str_extension","name":"Structures: Extension Definitions","description":"These define constraints on FHIR data types for systems conforming to this implementation guide"},{"id":"_term_valueset","name":"Terminology: Value Sets","description":"These define sets of codes used by systems conforming to this implementation guide"},{"id":"_term_codesystem","name":"Terminology: Code Systems","description":"These define new code systems used by systems conforming to this implementation guide"},{"id":"_ka_library","name":"Knowledge Artifacts: Libraries","description":"These define logic, asset collections and other libraries as part of content in this implementation guide"},{"id":"_ka_measure","name":"Knowledge Artifacts: Measure","description":"These define measures as part of content in this implementation guide"}],"resource":[{"extension":[{"url":"http://hl7.org/fhir/StructureDefinition/implementationguide-page","valueUri":"StructureDefinition-HIV-MedStatement.html"}],"reference":{"reference":"StructureDefinition/HIV-MedStatement"},"name":"HIV MedicationStatement - ART","description":"A summary of the ART medication being taken by an HIV patient","exampleBoolean":false,"groupingId":"_str_profile"},{"extension":[{"url":"http://hl7.org/fhir/StructureDefinition/implementationguide-page","valueUri":"StructureDefinition-HIV-patient.html"}],"reference":{"reference":"StructureDefinition/HIV-patient"},"name":"HIV Patient","description":"A patient that may be diagnosed with HIV, may have a viral load lab, and may be virally suppressed.","exampleBoolean":false,"groupingId":"_str_profile"},{"extension":[{"url":"http://hl7.org/fhir/StructureDefinition/implementationguide-page","valueUri":"StructureDefinition-Observation-HIV-Status.html"}],"reference":{"reference":"StructureDefinition/Observation-HIV-Status"},"name":"Observation - HIV Status","description":"HIV status reported after applying the HIV testing algorithm. No single HIV test can provide an HIV-positive diagnosis. ","exampleBoolean":false,"groupingId":"_str_profile"},{"extension":[{"url":"http://hl7.org/fhir/StructureDefinition/implementationguide-page","valueUri":"StructureDefinition-Observation-Key-Pop.html"}],"reference":{"reference":"StructureDefinition/Observation-Key-Pop"},"name":"Observation - Key Population","description":"The type of  key population that the client is included in","exampleBoolean":false,"groupingId":"_str_profile"},{"extension":[{"url":"http://hl7.org/fhir/StructureDefinition/implementationguide-page","valueUri":"StructureDefinition-Observation-Viral-Load.html"}],"reference":{"reference":"StructureDefinition/Observation-Viral-Load"},"name":"Observation - Viral Load Test","description":"Reason for HIV viral load test","exampleBoolean":false,"groupingId":"_str_profile"},{"extension":[{"url":"http://hl7.org/fhir/StructureDefinition/implementationguide-page","valueUri":"StructureDefinition-ARTStartType.html"}],"reference":{"reference":"StructureDefinition/ARTStartType"},"name":"ART Start Type","description":"Whether the client is ART naive or is restarting ART","exampleBoolean":false,"groupingId":"_str_extension"},{"extension":[{"url":"http://hl7.org/fhir/StructureDefinition/implementationguide-page","valueUri":"StructureDefinition-estimatedAge.html"}],"reference":{"reference":"StructureDefinition/estimatedAge"},"name":"Estimated Age","description":"Estimated Age of Patient if date of birth is unavailable","exampleBoolean":false,"groupingId":"_str_extension"},{"extension":[{"url":"http://hl7.org/fhir/StructureDefinition/implementationguide-page","valueUri":"StructureDefinition-VL-reason.html"}],"reference":{"reference":"StructureDefinition/VL-reason"},"name":"Reason for HIV viral load test","description":"Whether the viral load is being tested for routine monitoring on a set schedule or for targeted monitoring for suspected treatment failure","exampleBoolean":false,"groupingId":"_str_extension"},{"extension":[{"url":"http://hl7.org/fhir/StructureDefinition/implementationguide-page","valueUri":"ValueSet-ARTStartTypeValues.html"}],"reference":{"reference":"ValueSet/ARTStartTypeValues"},"name":"ART Start Type values","description":"Codes describing whether the client is ART naive or is restarting ART","exampleBoolean":false,"groupingId":"_term_valueset"},{"extension":[{"url":"http://hl7.org/fhir/StructureDefinition/implementationguide-page","valueUri":"ValueSet-HIVGender.html"}],"reference":{"reference":"ValueSet/HIVGender"},"name":"Gender values","description":"Codes describing the gender of the client","exampleBoolean":false,"groupingId":"_term_valueset"},{"extension":[{"url":"http://hl7.org/fhir/StructureDefinition/implementationguide-page","valueUri":"ValueSet-HIVStatusValues.html"}],"reference":{"reference":"ValueSet/HIVStatusValues"},"name":"HIV Status values","description":"Codes describing whether the client received a positive HIV test result","exampleBoolean":false,"groupingId":"_term_valueset"},{"extension":[{"url":"http://hl7.org/fhir/StructureDefinition/implementationguide-page","valueUri":"ValueSet-KeyPopValues.html"}],"reference":{"reference":"ValueSet/KeyPopValues"},"name":"Key Population values","description":"Codes describing the type of  key population that the client is included in","exampleBoolean":false,"groupingId":"_term_valueset"},{"extension":[{"url":"http://hl7.org/fhir/StructureDefinition/implementationguide-page","valueUri":"ValueSet-VLReasonValues.html"}],"reference":{"reference":"ValueSet/VLReasonValues"},"name":"Reason for HIV viral load test values","description":"Codes describing the reason for HIV viral load test","exampleBoolean":false,"groupingId":"_term_valueset"},{"extension":[{"url":"http://hl7.org/fhir/StructureDefinition/implementationguide-page","valueUri":"CodeSystem-HIVExtendedCodes.html"}],"reference":{"reference":"CodeSystem/HIVExtendedCodes"},"name":"HIV Extended Codes","description":"Codes defined only in this Implementation Guide and require mapping to a standard semantic terminology.","exampleBoolean":false,"groupingId":"_term_codesystem"},{"extension":[{"url":"http://hl7.org/fhir/StructureDefinition/implementationguide-page","valueUri":"Library-AgeRanges.html"}],"reference":{"reference":"Library/AgeRanges"},"name":"Age Ranges","exampleBoolean":false,"groupingId":"_ka_library"},{"extension":[{"url":"http://hl7.org/fhir/StructureDefinition/implementationguide-page","valueUri":"Library-FHIRCommon.html"}],"reference":{"reference":"Library/FHIRCommon"},"name":"FHIR Common","exampleBoolean":false,"groupingId":"_ka_library"},{"extension":[{"url":"http://hl7.org/fhir/StructureDefinition/implementationguide-page","valueUri":"Library-HIVSimpleAgeGroup.html"}],"reference":{"reference":"Library/HIVSimpleAgeGroup"},"name":"HIVSimpleAgeGroup","exampleBoolean":false,"groupingId":"_ka_library"},{"extension":[{"url":"http://hl7.org/fhir/StructureDefinition/implementationguide-page","valueUri":"Library-HIVSimpleCondition.html"}],"reference":{"reference":"Library/HIVSimpleCondition"},"name":"HIVSimpleCondition","exampleBoolean":false,"groupingId":"_ka_library"},{"extension":[{"url":"http://hl7.org/fhir/StructureDefinition/implementationguide-page","valueUri":"Library-HIVSimpleDemog.html"}],"reference":{"reference":"Library/HIVSimpleDemog"},"name":"HIVSimpleDemog","exampleBoolean":false,"groupingId":"_ka_library"},{"extension":[{"url":"http://hl7.org/fhir/StructureDefinition/implementationguide-page","valueUri":"Library-HIVSimpleGender.html"}],"reference":{"reference":"Library/HIVSimpleGender"},"name":"HIVSimpleGender","exampleBoolean":false,"groupingId":"_ka_library"},{"extension":[{"url":"http://hl7.org/fhir/StructureDefinition/implementationguide-page","valueUri":"Library-HIVSimpleTestResult.html"}],"reference":{"reference":"Library/HIVSimpleTestResult"},"name":"HIVSimpleTestResult","exampleBoolean":false,"groupingId":"_ka_library"},{"extension":[{"url":"http://hl7.org/fhir/StructureDefinition/implementationguide-page","valueUri":"Library-HIVSimpleViralLoad.html"}],"reference":{"reference":"Library/HIVSimpleViralLoad"},"name":"HIVSimpleViralLoad","exampleBoolean":false,"groupingId":"_ka_library"},{"extension":[{"url":"http://hl7.org/fhir/StructureDefinition/implementationguide-page","valueUri":"Measure-HIVSimpleAgeGroup.html"}],"reference":{"reference":"Measure/HIVSimpleAgeGroup"},"name":"HIVSimpleAgeGroup","description":"HIVSimpleAgeGroup","exampleBoolean":false,"groupingId":"_ka_measure"},{"extension":[{"url":"http://hl7.org/fhir/StructureDefinition/implementationguide-page","valueUri":"Measure-HIVSimpleCondition.html"}],"reference":{"reference":"Measure/HIVSimpleCondition"},"name":"HIVSimpleCondition","description":"HIVSimpleCondition","exampleBoolean":false,"groupingId":"_ka_measure"},{"extension":[{"url":"http://hl7.org/fhir/StructureDefinition/implementationguide-page","valueUri":"Measure-HIVSimpleDemog.html"}],"reference":{"reference":"Measure/HIVSimpleDemog"},"name":"HIVSimpleDemog","description":"HIVSimpleDemog","exampleBoolean":false,"groupingId":"_ka_measure"},{"extension":[{"url":"http://hl7.org/fhir/StructureDefinition/implementationguide-page","valueUri":"Measure-HIVSimpleGender.html"}],"reference":{"reference":"Measure/HIVSimpleGender"},"name":"HIVSimpleGender","description":"HIVSimpleGender","exampleBoolean":false,"groupingId":"_ka_measure"},{"extension":[{"url":"http://hl7.org/fhir/StructureDefinition/implementationguide-page","valueUri":"Measure-HIVSimpleTestResult.html"}],"reference":{"reference":"Measure/HIVSimpleTestResult"},"name":"HIVSimpleTestResult","description":"HIVSimpleTestResult","exampleBoolean":false,"groupingId":"_ka_measure"},{"extension":[{"url":"http://hl7.org/fhir/StructureDefinition/implementationguide-page","valueUri":"Measure-HIVSimpleViralLoad.html"}],"reference":{"reference":"Measure/HIVSimpleViralLoad"},"name":"HIVSimpleViralLoad","description":"HIVSimpleViralLoad","exampleBoolean":false,"groupingId":"_ka_measure"}],"page":{"nameUrl":"toc.html","title":"Table of Contents","generation":"html","page":[{"nameUrl":"index.html","title":"Home","generation":"markdown"},{"nameUrl":"artifacts.html","title":"Artifacts Summary","generation":"html","page":[{"nameUrl":"StructureDefinition-HIV-MedStatement.html","title":"HIV MedicationStatement - ART","generation":"generated"},{"nameUrl":"StructureDefinition-HIV-patient.html","title":"HIV Patient","generation":"generated"},{"nameUrl":"StructureDefinition-Observation-HIV-Status.html","title":"Observation - HIV Status","generation":"generated"},{"nameUrl":"StructureDefinition-Observation-Key-Pop.html","title":"Observation - Key Population","generation":"generated"},{"nameUrl":"StructureDefinition-Observation-Viral-Load.html","title":"Observation - Viral Load Test","generation":"generated"},{"nameUrl":"StructureDefinition-ARTStartType.html","title":"ART Start Type","generation":"generated"},{"nameUrl":"StructureDefinition-estimatedAge.html","title":"Estimated Age","generation":"generated"},{"nameUrl":"StructureDefinition-VL-reason.html","title":"Reason for HIV viral load test","generation":"generated"},{"nameUrl":"ValueSet-ARTStartTypeValues.html","title":"ART Start Type values","generation":"generated"},{"nameUrl":"ValueSet-HIVGender.html","title":"Gender values","generation":"generated"},{"nameUrl":"ValueSet-HIVStatusValues.html","title":"HIV Status values","generation":"generated"},{"nameUrl":"ValueSet-KeyPopValues.html","title":"Key Population values","generation":"generated"},{"nameUrl":"ValueSet-VLReasonValues.html","title":"Reason for HIV viral load test values","generation":"generated"},{"nameUrl":"CodeSystem-HIVExtendedCodes.html","title":"HIV Extended Codes","generation":"generated"},{"nameUrl":"Library-AgeRanges.html","title":"Age Ranges","generation":"generated"},{"nameUrl":"Library-FHIRCommon.html","title":"FHIR Common","generation":"generated"},{"nameUrl":"Library-HIVSimpleAgeGroup.html","title":"HIVSimpleAgeGroup","generation":"generated"},{"nameUrl":"Library-HIVSimpleCondition.html","title":"HIVSimpleCondition","generation":"generated"},{"nameUrl":"Library-HIVSimpleDemog.html","title":"HIVSimpleDemog","generation":"generated"},{"nameUrl":"Library-HIVSimpleGender.html","title":"HIVSimpleGender","generation":"generated"},{"nameUrl":"Library-HIVSimpleTestResult.html","title":"HIVSimpleTestResult","generation":"generated"},{"nameUrl":"Library-HIVSimpleViralLoad.html","title":"HIVSimpleViralLoad","generation":"generated"},{"nameUrl":"Measure-HIVSimpleAgeGroup.html","title":"HIVSimpleAgeGroup","generation":"generated"},{"nameUrl":"Measure-HIVSimpleCondition.html","title":"HIVSimpleCondition","generation":"generated"},{"nameUrl":"Measure-HIVSimpleDemog.html","title":"HIVSimpleDemog","generation":"generated"},{"nameUrl":"Measure-HIVSimpleGender.html","title":"HIVSimpleGender","generation":"generated"},{"nameUrl":"Measure-HIVSimpleTestResult.html","title":"HIVSimpleTestResult","generation":"generated"},{"nameUrl":"Measure-HIVSimpleViralLoad.html","title":"HIVSimpleViralLoad","generation":"generated"}]}]},"parameter":[{"code":"path-resource","value":"input/capabilities"},{"code":"path-resource","value":"input/examples"},{"code":"path-resource","value":"input/extensions"},{"code":"path-resource","value":"input/models"},{"code":"path-resource","value":"input/operations"},{"code":"path-resource","value":"input/profiles"},{"code":"path-resource","value":"input/resources"},{"code":"path-resource","value":"input/vocabulary"},{"code":"path-resource","value":"input/maps"},{"code":"path-resource","value":"input/testing"},{"code":"path-resource","value":"input/history"},{"code":"path-resource","value":"fsh-generated/resources"},{"code":"path-pages","value":"template/config"},{"code":"path-pages","value":"input/images"},{"code":"path-tx-cache","value":"input-cache/txcache"}]}}