{"resourceType":"Measure","id":"HIVSimpleTestResult","url":"Measure/HIVSimpleTestResult","identifier":[{"system":"http://ohie.org/Measure/","value":"HIVSimpleTestResult"}],"version":"0.1.0","name":"HIVSimpleTestResult","title":"HIVSimpleTestResult","status":"draft","experimental":true,"date":"2021-03-01","publisher":"Open HIE","contact":[{"name":"Joseph Amlung","telecom":[{"system":"email","value":"jamlung@regenstrief.org"}]}],"description":"HIVSimpleTestResult","relatedArtifact":[{"type":"derived-from","url":"http://wiki.ihe.net/index.php/Aggregate_Data_Exchange_-_HIV"}],"library":["Library/HIVSimpleTestResult"],"scoring":{"coding":[{"code":"proportion"}]},"group":[{"code":{"coding":[{"system":"http://terminology.hl7.org/CodeSystem/measure-population","code":"numerator"}]},"description":"HIVSimpleTestResult","population":[{"code":{"text":"cohort"},"criteria":{"language":"text/cql-identifier","expression":"Numerator"}}]},{"code":{"coding":[{"system":"http://terminology.hl7.org/CodeSystem/measure-population","code":"denominator"}]},"description":"HIVSimpleTestResult","population":[{"code":{"text":"cohort"},"criteria":{"language":"text/cql","expression":"Denominator"}}]}]}