{"resourceType":"Measure","id":"HIVSimpleDemog","url":"Measure/HIVSimpleDemog","identifier":[{"system":"http://ohie.org/Measure/","value":"HIVSimpleDemog"}],"version":"0.1.0","name":"HIVSimpleDemog","title":"HIVSimpleDemog","status":"draft","experimental":true,"date":"2018-03-08","publisher":"Open HIE","contact":[{"name":"Joseph Amlung","telecom":[{"system":"email","value":"jamlung@regenstrief.org"}]}],"description":"HIVSimpleDemog","relatedArtifact":[{"type":"derived-from","url":"http://wiki.ihe.net/index.php/Aggregate_Data_Exchange_-_HIV"}],"library":["Library/HIVSimpleDemog"],"scoring":{"coding":[{"code":"proportion"}]},"group":[{"code":{"coding":[{"system":"http://terminology.hl7.org/CodeSystem/measure-population","code":"numerator"}]},"description":"HIVSimpleDemog","population":[{"code":{"text":"cohort"},"criteria":{"language":"text/cql-identifier","expression":"Numerator"}}]},{"code":{"coding":[{"system":"http://terminology.hl7.org/CodeSystem/measure-population","code":"denominator"}]},"description":"HIVSimpleDemog","population":[{"code":{"text":"cohort"},"criteria":{"language":"text/cql","expression":"Denominator"}}]}]}