{"resourceType":"Measure","id":"HIVSimpleCondition","url":"Measure/HIVSimpleCondition","identifier":[{"system":"http://ohie.org/Measure/","value":"HIVSimpleCondition"}],"version":"0.1.0","name":"HIVSimpleCondition","title":"HIVSimpleCondition","status":"draft","experimental":true,"date":"2018-03-08","publisher":"Open HIE","contact":[{"name":"Joseph Amlung","telecom":[{"system":"email","value":"jamlung@regenstrief.org"}]}],"description":"HIVSimpleCondition","relatedArtifact":[{"type":"derived-from","url":"http://wiki.ihe.net/index.php/Aggregate_Data_Exchange_-_HIV"}],"library":["Library/HIVSimpleCondition"],"scoring":{"coding":[{"code":"proportion"}]},"group":[{"code":{"coding":[{"system":"http://terminology.hl7.org/CodeSystem/measure-population","code":"numerator"}]},"description":"HIVSimpleCondition","population":[{"code":{"text":"cohort"},"criteria":{"language":"text/cql-identifier","expression":"Numerator"}}]},{"code":{"coding":[{"system":"http://terminology.hl7.org/CodeSystem/measure-population","code":"denominator"}]},"description":"HIVSimpleCondition","population":[{"code":{"text":"cohort"},"criteria":{"language":"text/cql","expression":"Denominator"}}]}]}