{"resourceType":"ValueSet","id":"ARTStartTypeValues","text":{"status":"extensions","div":"<div xmlns=\"http://www.w3.org/1999/xhtml\"><ul><li>Include these codes as defined in <a href=\"CodeSystem-HIVExtendedCodes.html\"><code>https://github.com/maurya/PEPFAR-WHO-Simple-HIV/CodeSystem/HIVExtendedCodes</code></a><table class=\"none\"><tr><td style=\"white-space:nowrap\"><b>Code</b></td><td><b>Display</b></td><td><b>Definition</b></td></tr><tr><td><a href=\"CodeSystem-HIVExtendedCodes.html#HIVExtendedCodes-First-time\">First-time</a></td><td>First-time user of ART</td><td>Client is ART naive, having never taken ART to treat HIV before</td></tr><tr><td><a href=\"CodeSystem-HIVExtendedCodes.html#HIVExtendedCodes-Restarting\">Restarting</a></td><td>Restarting ART</td><td>Client is restarting ART after stopping treatment for any reason</td></tr></table></li></ul></div>"},"url":"https://github.com/maurya/PEPFAR-WHO-Simple-HIV/ValueSet/ARTStartTypeValues","version":"0.1.0","name":"ARTStartTypeValues","title":"ART Start Type values","status":"active","date":"2021-05-04T11:59:09-04:00","contact":[{"name":"Joseph Amlung","telecom":[{"system":"email","value":"jamlung@regenstrief.org"}]}],"description":"Codes describing whether the client is ART naive or is restarting ART","compose":{"include":[{"system":"https://github.com/maurya/PEPFAR-WHO-Simple-HIV/CodeSystem/HIVExtendedCodes","concept":[{"code":"First-time"},{"code":"Restarting"}]}]}}