{
  "resourceType": "Measure",
  "id": "HIVSimpleCondition",
  "text": {
    "status": "generated",
    "div": "<div xmlns=\"http://www.w3.org/1999/xhtml\"><p><b>Generated Narrative</b></p><p><b>url</b>: <code>Measure/HIVSimpleCondition</code></p><p><b>identifier</b>: id: HIVSimpleCondition</p><p><b>version</b>: 0.1.0</p><p><b>name</b>: HIVSimpleCondition</p><p><b>title</b>: HIVSimpleCondition</p><p><b>status</b>: draft</p><p><b>experimental</b>: true</p><p><b>date</b>: 2018-03-08</p><p><b>publisher</b>: Open HIE</p><p><b>contact</b>: Joseph Amlung: <a href=\"mailto:jamlung@regenstrief.org\">jamlung@regenstrief.org</a></p><p><b>description</b>: HIVSimpleCondition</p><h3>RelatedArtifacts</h3><table class=\"grid\"><tr><td>-</td></tr><tr><td>*</td></tr></table><p><b>library</b>: <code>Library/HIVSimpleCondition</code></p><p><b>scoring</b>: <span title=\"Codes: \">proportion</span></p><blockquote><p><b>group</b></p><p><b>code</b>: <span title=\"Codes: {http://terminology.hl7.org/CodeSystem/measure-population numerator}\">Numerator</span></p><p><b>description</b>: HIVSimpleCondition</p><blockquote><p><b>population</b></p><p><b>code</b>: <span title=\"Codes: \">cohort</span></p><h3>Criteria</h3><table class=\"grid\"><tr><td>-</td></tr><tr><td>*</td></tr></table></blockquote></blockquote><blockquote><p><b>group</b></p><p><b>code</b>: <span title=\"Codes: {http://terminology.hl7.org/CodeSystem/measure-population denominator}\">Denominator</span></p><p><b>description</b>: HIVSimpleCondition</p><blockquote><p><b>population</b></p><p><b>code</b>: <span title=\"Codes: \">cohort</span></p><h3>Criteria</h3><table class=\"grid\"><tr><td>-</td></tr><tr><td>*</td></tr></table></blockquote></blockquote></div>"
  },
  "url": "Measure/HIVSimpleCondition",
  "identifier": [
    {
      "system": "http://ohie.org/Measure/",
      "value": "HIVSimpleCondition"
    }
  ],
  "version": "0.1.0",
  "name": "HIVSimpleCondition",
  "title": "HIVSimpleCondition",
  "status": "draft",
  "experimental": true,
  "date": "2018-03-08",
  "publisher": "Open HIE",
  "contact": [
    {
      "name": "Joseph Amlung",
      "telecom": [
        {
          "system": "email",
          "value": "jamlung@regenstrief.org"
        }
      ]
    }
  ],
  "description": "HIVSimpleCondition",
  "relatedArtifact": [
    {
      "type": "derived-from",
      "url": "http://wiki.ihe.net/index.php/Aggregate_Data_Exchange_-_HIV"
    }
  ],
  "library": [
    "Library/HIVSimpleCondition"
  ],
  "scoring": {
    "coding": [
      {
        "code": "proportion"
      }
    ]
  },
  "group": [
    {
      "code": {
        "coding": [
          {
            "system": "http://terminology.hl7.org/CodeSystem/measure-population",
            "code": "numerator"
          }
        ]
      },
      "description": "HIVSimpleCondition",
      "population": [
        {
          "code": {
            "text": "cohort"
          },
          "criteria": {
            "language": "text/cql-identifier",
            "expression": "Numerator"
          }
        }
      ]
    },
    {
      "code": {
        "coding": [
          {
            "system": "http://terminology.hl7.org/CodeSystem/measure-population",
            "code": "denominator"
          }
        ]
      },
      "description": "HIVSimpleCondition",
      "population": [
        {
          "code": {
            "text": "cohort"
          },
          "criteria": {
            "language": "text/cql",
            "expression": "Denominator"
          }
        }
      ]
    }
  ]
}